bookingBusinessId,reviewId,reviewBody,score,isImp,replyBody,replyRegDate,resourceUrlList/0,completedDate,id,bookingItemName,bookingBusinessName,optionNameList,body/0/isHighlight,body/0/text,resourceUrlList/1,resourceUrlList/2
108801,7526678,예약하고 갔는데 손님이 많아서 놀랐네요..  일단 원장님이 제 치아 상태랑 문제점 등등 잘 설명해주셔서 좋았어요. 제가 이것저것 귀찮을정도로 물어봤는데 하나하나 다 설명해주셔서 좋았습니다. 사실 상담만 받으러 온건데 원장님이 먼저 신중하게 생각하시고 진행하셔도 된다고 하셔서 좀 감동받았어요. 빨리 어떻게든 결제부터 받으려고 하는곳도 많던데 ㅋㅋㅋ 암튼 여러가지로 좋은 느낌을 받았네요~ 아 병원이 일단 깔끔해서 또 좋았어요 먼가 치과 특유의 냄새가 없어서? ㅎㅎㅎㅎㅎㅎㅎㅎ,5,1,문*용님 안녕하세요. ^^ 원장님께서 설명해주신부분이 좋았다니 다행입니다. 궁금하신 부분들이 추가적으로 생기시면 연락주시면 답변해드리도록 하겠습니다. 그리고 병원에 관련해서 좋은점만 봐주셔서 감사합니다. 교정이 1년반에서 2년 길게는 더 진행할 수도 있는 진료이니 신중히 결정하시고 보다 정밀하게 검사해보시고 싶으시면 연락주세요. 감사합니다.,2019.11.05 16:36:46,https://naverbooking-phinf.pstatic.net/20191105_50/1572936800675Vy6vG_JPEG/KakaoTalk_20191105_155251183.jpg,2019.11.05,mvi0****,진료시간 예약,그랑치과교정과치과의원,,false,예약하고 갔는데 손님이 많아서 놀랐네요..  일단 원장님이 제 치아 상태랑 문제점 등등 잘 설명해주셔서 좋았어요. 제가 이것저것 귀찮을정도로 물어봤는데 하나하나 다 설명해주셔서 좋았습니다. 사실 상담만 받으러 온건데 원장님이 먼저 신중하게 생각하시고 진행하셔도 된다고 하셔서 좀 감동받았어요. 빨리 어떻게든 결제부터 받으려고 하는곳도 많던데 ㅋㅋㅋ 암튼 여러가지로 좋은 느낌을 받았네요~ 아 병원이 일단 깔끔해서 또 좋았어요 먼가 치과 특유의 냄새가 없어서? ㅎㅎㅎㅎㅎㅎㅎㅎ,,
108801,7583891,아직 교정을 알아보는 단계라 결정은 못했지만 원장님 꼼꼼하고 친절하게 상담해주셔서 좋았고 실장님도 친절했습니다 ^_^,5,1,김*정님 안녕하세요. 어머님과 같이 내원하셨던 분 맞으시죠?^^. 교정병원선택이 쉽진 않으시죠. 몇군데 상담받아보신다고 하셨는데 좋은 선택하시길 바랍니다.^^ 저희 원장님의 상담이 환자분이 교정병원을 선택하시는데 도움이 되었길 바랍니다. 감사합니다.,2019.11.12 11:44:40,,2019.11.04,kweg****,진료시간 예약,그랑치과교정과치과의원,,false,아직 교정을 알아보는 단계라 결정은 못했지만 원장님 꼼꼼하고 친절하게 상담해주셔서 좋았고 실장님도 친절했습니다 ^_^,,
108801,7616448,굉장히 친절하고 자세하게 설명해주셔서 좋았습니다,5,1,"변*영님 안녕하세요. 턱관절이 불편하셨던 적이 있으셨기 때문에 궁금하셨던 것들이 있으셨는데 답변이 도움이 되었으면 좋겠습니다.^^
턱에 무리가는 습관은 되도록 피하시고, 교정으로 교합이나 중심선을 맞추시고 싶으시면 언제든지 연락주세요. 감사합니다.",2019.11.12 12:12:53,,2019.11.02,todt****,진료시간 예약,그랑치과교정과치과의원,,false,굉장히 친절하고 자세하게 설명해주셔서 좋았습니다,,
108801,6622506,상담을 너무 잘 해주세요. 치아 뿐아니라 불편한점이 많았는데 걱정했던 부분들을 모두 고려해 주셔서 너무 좋았습니다. 원장님도 상담해주신분도 검사 도와주신분들 모두 친절하고 좋아요,5,1,김*현님 안녕하세요 ^^. 리뷰 남기신걸 늦게 봤어요. 오늘 장치붙이시는 날인데 이제 확인했네요 ^^. 수술을 생각하시고 내원하셨는데 교정으로 현재 환자분의 불편하신바가 많이 해결되셨으면 좋겠습니다. 앞으로도 불편하시거나 궁금하신사항 있으면 언제든지 말해주세요. 그랑에서 교정시작해주셔서 감사드리며 교정이 잘 끝날수 있도록 저희도 노력하겠습니다.^^,2019.09.03 18:12:32,,2019.08.30,rain****,진료시간 예약,그랑치과교정과치과의원,,false,상담을 너무 잘 해주세요. 치아 뿐아니라 불편한점이 많았는데 걱정했던 부분들을 모두 고려해 주셔서 너무 좋았습니다. 원장님도 상담해주신분도 검사 도와주신분들 모두 친절하고 좋아요,,
108801,6581874,"교정 상담을 받으러 갔는데 다들 너무 친절하시고 좋았습니다! 
특히 교정하려고 여러군데 치과를 다녀봤는데 여기만큼 검사 결과를 다양하고 세세하게 알려주는 곳이 없더라구요 그래서 더욱 믿고 맡길 수 있을 것 같아 바로 교정일정 잡았습니다. 
교정전문병원이니만큼 의사 선생님들도 교정전문의 인정의시라 더 좋았습니다(유튜브에서 보니 전문의에게 받아야좋다고 하더라구요!)
그래서 여러군데 다 다녀보고 이 병원을 선택했습니다! 제 몸의 일부와 큰 돈이 걸리는 선택이니까 더욱 전문적으로 하는 병원이 좋겠더라구요!",5,1,하*정님 안녕하세요.^^ 저희병원에서 검사하고 만족하셨다니 감사드립니다. 아마 검사하시고 원장님께 정확하게 설명듣고 진행하시는 부분이 좋으셨을꺼예요. 두번째 교정하시는거니까 이번에는 만족스러운 결과를 얻으시면 좋겠습니다. 교정마무리까지 잘 봐드리도록 하겠습니다. 교정하시면서 불편한 곳이 있으면 연락주세요. 감사합니다^^,2019.08.30 11:57:50,,2019.08.27,batt****,진료시간 예약,그랑치과교정과치과의원,,false,"교정 상담을 받으러 갔는데 다들 너무 친절하시고 좋았습니다! 
특히 교정하려고 여러군데 치과를 다녀봤는데 여기만큼 검사 결과를 다양하고 세세하게 알려주는 곳이 없더라구요 그래서 더욱 믿고 맡길 수 있을 것 같아 바로 교정일정 잡았습니다. 
교정전문병원이니만큼 의사 선생님들도 교정전문의 인정의시라 더 좋았습니다(유튜브에서 보니 전문의에게 받아야좋다고 하더라구요!)
그래서 여러군데 다 다녀보고 이 병원을 선택했습니다! 제 몸의 일부와 큰 돈이 걸리는 선택이니까 더욱 전문적으로 하는 병원이 좋겠더라구요!",,
108801,6566683,아이 교정을 위해서 여러치과알아보고 다른곳도 가보고 했는데 전문병원이 주변에 없어서 네이버 검색해서 교정전문으로 갔어요~~다른곳에서 설명을 들었는데도 똑같은 설명은 이곳은 더 자세히 설명해주셨어요,4,1,안녕하세요 ^^ 인터넷 검색으로 저희 병원을 찾아주셔서 감사합니다. 교정전문치과이기 때문에 원장님께서 좀 더 자세히 설명드릴 수 있었던 것 같습니다. 교정을 시작하게 되시면 만족할 수 있는 진료로 보답해드리겠습니다. 감사합니다.,2019.08.28 10:26:25,,2019.08.26,dpsj****,진료시간 예약,그랑치과교정과치과의원,,false,아이 교정을 위해서 여러치과알아보고 다른곳도 가보고 했는데 전문병원이 주변에 없어서 네이버 검색해서 교정전문으로 갔어요~~다른곳에서 설명을 들었는데도 똑같은 설명은 이곳은 더 자세히 설명해주셨어요,,
108801,6530113,"원장님, 스텝 모두 친절하시고 시설도 좋아서 만족합니다.",5,1,안녕하세요. 최*서님^^. 토요일에 환자가 많은 날이였어서 복잡하셨을텐데 좋게 평가해주셔 감사드립니다. 다음 결과 상담날에 정확한 결과 들으시고 추석이후에 장치 붙이시기로 하셨는데 앞으로 교정하시는 동안 늘 한결같이 안내드리도록 하겠습니다. 감사합니다.,2019.08.26 11:43:47,,2019.08.24,uses****,진료시간 예약,그랑치과교정과치과의원,,false,"원장님, 스텝 모두 친절하시고 시설도 좋아서 만족합니다.",,
108801,6394009,"처음 교정 상담을 받아봤어요. 원장님과 실장님, 직원분들 모두 매우 밝고 친절하신 모습이 인상적이었습니다. 많은 질문에도 천천히 자세하게 설명해주셔서 큰 도움을 받았어요^^",5,1,안녕하세요. 김*태님^^. 저희병원에서 상담후 이렇게 좋은 평가를 해주셔서 감사합니다. 사랑니발치후 진행원하신다는 연락받았습니다. 사랑니 발치하시고 오셔서 정밀하게 검사받고 결과상담하실때는 더 정확한 안내 받으실수 있습니다. 좋은하루 보내시구 정밀검사 하는날에 뵙겠습니다. 감사합니다,2019.08.26 11:40:44,,2019.08.16,itki****,진료시간 예약,그랑치과교정과치과의원,,false,"처음 교정 상담을 받아봤어요. 원장님과 실장님, 직원분들 모두 매우 밝고 친절하신 모습이 인상적이었습니다. 많은 질문에도 천천히 자세하게 설명해주셔서 큰 도움을 받았어요^^",,
108801,5861161,원장님과 실장님 상담이 친절하고 교정 장단점 솔직하게 얘기해주셔서 좋았습니다.,5,1,"심**님 안녕하세요^^. 저희 병원에 내원해주셔서 감사드리고, 부모님과 잘 상의하셔서 결정하시면 연락주세요. 정밀검사하시면 궁금한 부분들이 더 해소되실 겁니다. 좋은 하루 보내세요. 감사합니다^^",2019.07.16 16:00:54,,2019.07.16,tlae****,진료시간 예약,그랑치과교정과치과의원,,false,원장님과 실장님 상담이 친절하고 교정 장단점 솔직하게 얘기해주셔서 좋았습니다.,,
108801,5786848,치과에 계신 모든분들께서 정말 친절하게 대해주셔서 놀랐어요..!,5,1,안녕하세요 김*재님^^. 저희 직원 모두가 친절하다고 말해주셔서 감사드립니다. 치아교정도 부모님과 잘 상의후에 결정하시고 내원해주시면 변함없이 안내하도록 노력하겠습니다. 좋은하루보내시구 저희병원에 방문해주셔서 감사합드립니다.,2019.07.12 10:11:44,,2019.07.10,bigb****,진료시간 예약,그랑치과교정과치과의원,,false,치과에 계신 모든분들께서 정말 친절하게 대해주셔서 놀랐어요..!,,
108801,5335634,시설도 깨끗하고 상담도 친절하고 좋네요~^^,5,1,안녕하세요 서*리님^^ 예전에 상담받으시고 다시 저희 병원을 방문해서 감사드립니다. 진료를 받으시는 동안 만족하실수 있도록 노력하겠습니다. 불편하신부분이 있으시면 연락주시고 다음진료일에 뵙겠습니다. 감사합니다.,2019.06.11 12:12:41,,2019.06.03,nr19****,진료시간 예약,그랑치과교정과치과의원,,false,시설도 깨끗하고 상담도 친절하고 좋네요~^^,,
108801,4960970,교정 상담 받으러 여러곳 가봤는데 그 중에서 가장 꼼꼼하고 과잉진료가 없다는 느낌을 받았어요 !  무엇보다 교정 전문의 원장님께           직접 상담받아 믿음이 갔어요,5,1,안녕하세요 이*영님 원장님 두분 다 워낙 꼼꼼하셔서 교정진료 받으시면 더 느껴지실거에요 ^^ 믿어주신만큼 좋은 결과 나오실거에요~! 다음 진료때 뵐게요 감사합니다.,2019.05.13 12:36:06,,2019.05.06,dmfi****,진료시간 예약,그랑치과교정과치과의원,,false,교정 상담 받으러 여러곳 가봤는데 그 중에서 가장 꼼꼼하고 과잉진료가 없다는 느낌을 받았어요 !  무엇보다 교정 전문의 원장님께           직접 상담받아 믿음이 갔어요,,
108801,4607989,선생님도 친절하게 잘 설명 해 주시고 실장님도 너무 친절 하셨어요 많은 도움이 되었습니다^^,5,1,"안녕하세요. 김*라님^^
부분교정과 전체교정중에 잘 생각해보시고 선택을 내리시는데 도움이 조금이나마 되었으면 좋겠습니다. 임플란트 하기전에 잘 생각하시고 결정내리시고 내원하시면 진행 도와드리겠습니다. 오늘도 좋은 하루 보내세요 감사합니다.",2019.04.02 12:36:17,,2019.04.01,a_ab****,진료시간 예약,그랑치과교정과치과의원,,false,선생님도 친절하게 잘 설명 해 주시고 실장님도 너무 친절 하셨어요 많은 도움이 되었습니다^^,,
108801,4574660,첫 교정상담 받았는데 원장님도 친절하시고 내부인테리어도 깨끗하고 좋은 것 같아요 다른 위생사분들이나 데스크선생님 실장님 모두 친절해서 너무 만족했습니다,5,1,문*지님 안녕하세요 ~ 만족하셨다니 감사합니다. 교정 시작 하셨는데 마무리까지 만족하실수 있도록 최선을 다하겠습니다. 불편하신점이 있다면 바로바로 말씀해주세요 ^^ 다음 예약일에 뵙겠습니다.,2019.04.08 11:21:47,,2019.03.27,mgch****,진료시간 예약,그랑치과교정과치과의원,,false,첫 교정상담 받았는데 원장님도 친절하시고 내부인테리어도 깨끗하고 좋은 것 같아요 다른 위생사분들이나 데스크선생님 실장님 모두 친절해서 너무 만족했습니다,,
108801,4477579,자세한 상담과 여러 선택지를 재공해주는 것이 만족스러웠습니다. 다만 엑스레이 촬영 이후 의사 상담이 사이에 시간이 남아 진료가 빠르게 이루어지지 못한 점이 아쉬웠습니다.,4,1,이*익님 안녕하세요. 상담은 만족스러웠지만 엑스레이 촬영 후 대기를 하신 부분이 아쉬웠다니 죄송합니다. 저희가 대기를 최소로 해드리게 하려고 노력하고 있으나 예약되신 환자분들의 진료진행 과정에서 부득이하게 대기가 발생할 수 있는 부분이라 죄송합니다. 다음내원시엔 조금더 신경써드리도록 하겠습니다. 감사합니다.,2019.03.18 11:15:54,,2019.03.18,lkl0****,진료시간 예약,그랑치과교정과치과의원,,false,자세한 상담과 여러 선택지를 재공해주는 것이 만족스러웠습니다. 다만 엑스레이 촬영 이후 의사 상담이 사이에 시간이 남아 진료가 빠르게 이루어지지 못한 점이 아쉬웠습니다.,,
108801,4297110,"처음 방문이라 염려스러운 마음이 들었는데
친절하게 상담해 주시고 믿음이 가서 바로
교정하기로 결정했습니다
위치도 지하철에서 매우 가까워 편리합니다
추천해 드리고 싶네요^^",5,1,안녕하세요 이*원님 상담 후 믿고 바로 결정해 주셔서 감사드립니다.병원위치가 환자분들이 헤매지 않아 불편함이 적은편 인것 같습니다.^^ 부분교정으로 진행 하시게 됐는데 믿고 진행해 주신 만큼 진료적인 부분 으로 더욱 만족 하실수 있도록 노력하겠습니다. 다음 예약일에 뵙겠습니다.,2019.02.28 14:55:42,,2019.02.26,ruru****,진료시간 예약,그랑치과교정과치과의원,,false,"처음 방문이라 염려스러운 마음이 들었는데
친절하게 상담해 주시고 믿음이 가서 바로
교정하기로 결정했습니다
위치도 지하철에서 매우 가까워 편리합니다
추천해 드리고 싶네요^^",,
108801,4182154,"원장님이랑 치위생사님 그리고 인포에서 상담해주시는 분들까지 다 너무 친절하셔서 좋았어요!??!?? 요즘 과잉진료가 많다고 들었는데 솔직하게 원장님께서 말해주셔서 더 신뢰가 갔습니다!??!?? 다른 치과도 알아봐야되나 고민도 했었는데, 교정을 한다멷 굳이 다른 병원 안가고 그랑교정치과에서 하는게 좋을 것 같아요. 정말 신뢰도가 높은 병원인 것 같습니다.",5,1,"정*람님 안녕하세요. 
저희 병원에서 바로 진행해주셔서 감사드립니다.
늘 항상 친절히 응대해 드리도록 노력하겠습니다.
원장님께서 교정도 잘해주시고 설명도 잘해주실거라 걱정안하셔도 될 것 같아요^^
다음 결과상담날에 보다 정확히 안내드리도록 하겠습니다. 좋은하루 보내시고 예약일에 뵙겠습니다. 감사합니다",2019.02.19 18:12:34,,2019.02.14,bora****,진료시간 예약,그랑치과교정과치과의원,,false,"원장님이랑 치위생사님 그리고 인포에서 상담해주시는 분들까지 다 너무 친절하셔서 좋았어요!??!?? 요즘 과잉진료가 많다고 들었는데 솔직하게 원장님께서 말해주셔서 더 신뢰가 갔습니다!??!?? 다른 치과도 알아봐야되나 고민도 했었는데, 교정을 한다멷 굳이 다른 병원 안가고 그랑교정치과에서 하는게 좋을 것 같아요. 정말 신뢰도가 높은 병원인 것 같습니다.",,
108801,4059860,겉모습은 화려하지만 양심적인치과 아주 좋습니다,5,1,"안녕하세요 주*형님 
현재 교정이 많이 필요한 상태를 아니였던걸로 기억합니다. 
추후 아래쪽 치아가 더 틀어지는것을 느낄때 부분교정하러 오세요.
앞으로도 궁금하신 부분있으시면 문의주시면 성실히 답변해드리겠습니다. 감사합니다",2019.02.08 10:08:38,,2019.01.30,hg05****,진료시간 예약,그랑치과교정과치과의원,,false,겉모습은 화려하지만 양심적인치과 아주 좋습니다,,
108801,3951919,"오랜시간 교정을 고민하다가 결심하고 찾은 치과인데 자세히 상담 도와주셔서 궁금했던것들 다 물어볼 수 있었네요. 
이것저것 많이 물어봤는데도 친절하게 다 답변해주시고, 상담도 꼼꼼하게 진행되었어요
원래 교정은 많이 비교해보라고 하는데 전 여러 곳 가지 않아도 될거같은 확신이 들어 바로 진행하기로 했습니다 
저처럼 오래 고민하셨던 분들은 한번 방문하셔서 상담받아보세요! 추천해요",5,1,"안녕하세요 이*진 님 오랜 시간 교정을 고민하셨는데 그랑 교정치과를 믿고맡겨주셔서 감사합니다. 교정 진행하시면서도 궁금하신 부분이 생기시면 언제든 여쭤봐주세요 ^^ 항상 친절하게 답변 도와드리겠습니다.
",2019.01.21 15:30:05,,2019.01.18,0634****,진료시간 예약,그랑치과교정과치과의원,,false,"오랜시간 교정을 고민하다가 결심하고 찾은 치과인데 자세히 상담 도와주셔서 궁금했던것들 다 물어볼 수 있었네요. 
이것저것 많이 물어봤는데도 친절하게 다 답변해주시고, 상담도 꼼꼼하게 진행되었어요
원래 교정은 많이 비교해보라고 하는데 전 여러 곳 가지 않아도 될거같은 확신이 들어 바로 진행하기로 했습니다 
저처럼 오래 고민하셨던 분들은 한번 방문하셔서 상담받아보세요! 추천해요",,
108801,3870787,설명도 친절하게 잘 해주셔서 좋았고 병원 내부도 깔끔해서 더 믿음이 갔어요 ㅎㅎ,5,1,장*지님 안녕하세요. 후기남겨주셔서 감사드립니다. 앞으로도 늘 친절하게 안내해드리겠습니다. 다음번 결과상담날에는 더 자세한 치료계획을 설명듣고 진행하게 되실겁니다. ^^ 예약일에 뵙겠습니다. 감사합니다.,2019.01.08 14:35:23,,2019.01.07,dlfw****,진료시간 예약,그랑치과교정과치과의원,,false,설명도 친절하게 잘 해주셔서 좋았고 병원 내부도 깔끔해서 더 믿음이 갔어요 ㅎㅎ,,
108801,3713385,치과는 예약이라고 해도 가서 오래 기다리는 경우가 많은데 제 시간에 맞춰서 상담할 수 있어서 좋았어요,5,1,"박*진님 안녕하세요. 저희 병원이 예약제로 운영되다 보니 대기시간을 최소화 해드리려고 노력중입니다. 좋게봐주셔서 감사드립니다^^.
다음번 예약일에도 변함없이 응대해드리도록 하겠습니다. 추운겨울 감기조심하세요^^",2018.12.24 13:57:02,,2018.12.20,hyej****,진료시간 예약,그랑치과교정과치과의원,,false,치과는 예약이라고 해도 가서 오래 기다리는 경우가 많은데 제 시간에 맞춰서 상담할 수 있어서 좋았어요,,
108801,3697944,"병원 처음에 정할때 여러군데 치과 상담 갔다가 여기로 왓는데 여자원장님께서 상담을 너무 친절하게 해주셔서 신뢰가 갔습니다!!
교정 몇개월 하고 끝낼거 아니니까 신중하게 고민하다가 여기로 결정하게 됏었구요 ,
현재 아주 만족하며 잘 다니고 있어요
매번 진료시에 원장님께서 설명 잘해주시구요
아프지 않게 병원 간호사분들두 진료잘 해주시는거 같아용!",5,1,"신*은님 안녕하세요.
현재 진행중인 교정이 만족스러우시다니 저희도 기분이 좋습니다. 
교정하시면서 더 예뻐지시고 계신것 같아요.
교정이 끝나시는 그날까지 조금만 더 힘내세요^^
다음 내원일에 뵙겠습니다. 감사합니다.",2018.12.18 16:56:48,,2018.12.18,sinj****,진료시간 예약,그랑치과교정과치과의원,,false,"병원 처음에 정할때 여러군데 치과 상담 갔다가 여기로 왓는데 여자원장님께서 상담을 너무 친절하게 해주셔서 신뢰가 갔습니다!!
교정 몇개월 하고 끝낼거 아니니까 신중하게 고민하다가 여기로 결정하게 됏었구요 ,
현재 아주 만족하며 잘 다니고 있어요
매번 진료시에 원장님께서 설명 잘해주시구요
아프지 않게 병원 간호사분들두 진료잘 해주시는거 같아용!",,
108801,3697932,"원장님께서 꼼꼼하게 봐주시고 알아듣기 쉽게 설명해주셔서 좋았습니다
내부도 깔끔하고 다른 선생님들도 친절해서 좋았습니다",5,1,"윤*지님 안녕하세요.
원장님의 설명이 알아듣기 쉬웠다니 다행입니다. 
앞으로도 친절히 안내해드리도록 하겠습니다. 
날씨가 많이 추운데 감기 조심하세요 ^^감사합니다.",2018.12.18 16:50:58,,2018.12.18,4904****,진료시간 예약,그랑치과교정과치과의원,,false,"원장님께서 꼼꼼하게 봐주시고 알아듣기 쉽게 설명해주셔서 좋았습니다
내부도 깔끔하고 다른 선생님들도 친절해서 좋았습니다",,
108801,3456472,"덧니 때문에 찾아갔는데 원장님이 잘 설명해주심
계속 제 말에 귀기울여주시고 치료를 강요하시는 느낌이 아니라서 더  믿음이 갔어요
다음 주에 정밀진단 결과 들으러 갑니다.",5,1,"안녕하세요 김*형님  저희 원장님의 설명으로 교정을 하기로 결심해 주셔서 감사드립니다. 정밀진단 결과 상담 예약 날에는 검사한 자료들로 원장님께서 1:1 PPT로 정확하고 자세하게  치료 계획을 상담해 주시기 때문에 궁금한 점들이 더 많이 해소되실 겁니다. 앞으로 진료적인 면에서 더욱 믿음을 드릴 수 있도록 하겠습니다. 감사합니다. 다음 내원 일에 뵙겠습니다^^
",2018.11.20 09:55:05,,2018.11.12,mitk****,진료시간 예약,그랑치과교정과치과의원,,false,"덧니 때문에 찾아갔는데 원장님이 잘 설명해주심
계속 제 말에 귀기울여주시고 치료를 강요하시는 느낌이 아니라서 더  믿음이 갔어요
다음 주에 정밀진단 결과 들으러 갑니다.",,
108801,3241628,지인이 교정 전문 치과라고해서 예약하고 방문했는데 확실히 더 꼼꼼하게 봐주신거 같아요~~~! 원장님도 제 의견 많이 물어봐주시고 필요한 부분 중점적으로 얘기해주셔서 만족했어요 :),5,1,"안녕하세요 이경*님 예약하고 방문해주셔서 좀 더 원활하게 상담받으셨던 것 같습니다.^^ 추후 좋은 교정 결과와 원하시는 개선사항을 해소 시켜드리고자 노력하고 있습니다. 상담이 만족스러우셨다니 감사합니다.
",2018.10.16 10:22:24,,2018.10.12,tvxq****,진료시간 예약,그랑치과교정과치과의원,,false,지인이 교정 전문 치과라고해서 예약하고 방문했는데 확실히 더 꼼꼼하게 봐주신거 같아요~~~! 원장님도 제 의견 많이 물어봐주시고 필요한 부분 중점적으로 얘기해주셔서 만족했어요 :),,
108801,3165941,"상담도 상세하게 해주시고, 원장님과 직원분들 모두 친절하세요. 병원 내부도 깔끔하고 좋습니다. 교정전문치과라서 다른치과치료를 안해서 치과특유의 기계소리도 안나고 사람도붐비지않아서 조용하고 마음이 안정됩니다. 강추에요",5,1,장*림님 안녕하세요. 원장님의 상담으로 궁금하신 부분은 해소되신것 같아 다행입니다. 최대한 환자분들이 덜 대기할 수 있도록 안내를 하는 편이라 환자분이 편안하다고 느끼신 것 같습니다. 앞으로 만족스러운 진료로 더 보답하겠습니다. 감사합니다.,2018.10.08 09:52:16,,2018.09.29,dofl****,진료시간 예약,그랑치과교정과치과의원,,false,"상담도 상세하게 해주시고, 원장님과 직원분들 모두 친절하세요. 병원 내부도 깔끔하고 좋습니다. 교정전문치과라서 다른치과치료를 안해서 치과특유의 기계소리도 안나고 사람도붐비지않아서 조용하고 마음이 안정됩니다. 강추에요",,
108801,3162429,늦은 나이에 수백번 고민하고 알아보다 집 근처에 그랑교정치과 개원 했을때부터 눈여겨보고 있었어요. 블로그와 인스타도 찾아보고 후기도 열심히 보고 드디어 결심을 했어요. 병원은 깨끗하고 쾌적한 환경이고 의사선생님도 차분하게 설명 잘 해주셨고 비용 상담해주시는 실장님?이 너무 친절하시고 궁금한 질문에도 자세히 설명해주셔서 좋았습니다~,5,1,김*란님 안녕하세요. 교정은 수백번 고민하셨는데 저희병원에서 진행해주셔서 감사드립니다. 앞으로도 교정을 하는 중간중간 궁금한것들이 많이 생기실텐데 그때에도 성실한 답변을 해드리도록 늘 노력하겠습니다. 장치 붙이시고 불편하실텐데 적응잘하시고 다음번 아래 장치 붙일때 뵙겠습니다. 감사드립니다^^,2018.10.08 09:48:06,,2018.09.27,wnst****,진료시간 예약,그랑치과교정과치과의원,,false,늦은 나이에 수백번 고민하고 알아보다 집 근처에 그랑교정치과 개원 했을때부터 눈여겨보고 있었어요. 블로그와 인스타도 찾아보고 후기도 열심히 보고 드디어 결심을 했어요. 병원은 깨끗하고 쾌적한 환경이고 의사선생님도 차분하게 설명 잘 해주셨고 비용 상담해주시는 실장님?이 너무 친절하시고 궁금한 질문에도 자세히 설명해주셔서 좋았습니다~,,
108801,3068155,"초등학생 딸아이의 교정 때문에 알게된  그랑치과입니다. 서울대입구역 바로 앞에 있어서 찾는것은 그리 어렵지 않았어요. 깔끔한 대기실 공간에 웃음이 지어지고 직원분들의 친절에 또 웃게되는 치과입니다. 아이도 많이 긴장했는데 잘  알려주시고 진료해 주셔서 감사드렸어요. 아이의 교정을 맡겨볼 예정입니다.
교정을 생각하시면 교정전문치과인 그랑 치과를 선택하셔도 좋을것 같아요.",5,1,안녕하세요. 윤*진님 어머님 맞으시죠?^^. 저희병원에 대해 많은 칭찬과 좋은 말씀을 해주셔서 감사드립니다. 믿고 저희병원을 결정해주신만큼 다음번 진단일에 더 신경써서 안내드리도록 하겠습니다. 감사합니다.,2018.09.17 12:25:18,,2018.09.13,whir****,진료시간 예약,그랑치과교정과치과의원,,false,"초등학생 딸아이의 교정 때문에 알게된  그랑치과입니다. 서울대입구역 바로 앞에 있어서 찾는것은 그리 어렵지 않았어요. 깔끔한 대기실 공간에 웃음이 지어지고 직원분들의 친절에 또 웃게되는 치과입니다. 아이도 많이 긴장했는데 잘  알려주시고 진료해 주셔서 감사드렸어요. 아이의 교정을 맡겨볼 예정입니다.
교정을 생각하시면 교정전문치과인 그랑 치과를 선택하셔도 좋을것 같아요.",,
108801,2901657,"안녕하세요. 교정병원을 선택하는게 제일 어려웠던 것 같습니다.
뭐 이벤트 치과는 피해야한다, 전문의인지 알아봐야한다...등등 
원장님과 상담후 진행하기로 결정하니 오히려 마음이 편해진 것 같습니다.
믿고 진행하는 만큼 잘 되리라는 기대를 안고 시작하는 만큼 잘 부탁드립니다.",5,1,정*복님 안녕하세요. 저희 병원을 믿고 선택해주셔서 감사드립니다. 믿음이 헛되지 않도록 친절과 최상의 진료로 보답해드리겠습니다. 다음내원일에 뵙겠습니다. 감사합니다.,2018.08.25 15:01:39,,2018.08.17,jung****,진료시간 예약,그랑치과교정과치과의원,,false,"안녕하세요. 교정병원을 선택하는게 제일 어려웠던 것 같습니다.
뭐 이벤트 치과는 피해야한다, 전문의인지 알아봐야한다...등등 
원장님과 상담후 진행하기로 결정하니 오히려 마음이 편해진 것 같습니다.
믿고 진행하는 만큼 잘 되리라는 기대를 안고 시작하는 만큼 잘 부탁드립니다.",,
108801,2852604,"적어도 홍보처럼 어린이 교정 볼 수 있는 곳은 아닌 듯합니다
얌전하고 변수가 없는 아이만 치료가능 한 듯합니다 홍보에 변화를 주셔야 할 듯 합니다

다른분들 리뷰처럼 깨끗하긴 합니다 어른들이 치료 받기에 휠씬 적합한 환경입니다  네이버로 예약해서 이 사진 찍은 것도 페이 안 받셨습니다",2,1,주*경님 안녕하세요. 소아 교정을 검색하시고 저희 병원을 방문해주셨는데 도움을 드리지 못해 죄송합니다. 교정자체가 한두달 내에 끝나는 것이 아닌 장기간으로 치료를 해야하는 것이기 때문에 아이에게 조금더 편안한 환경에서 진행되길 바라는 마음에서 권유드렸습니다. 앞으로 아이를 위해 더 좋을 환경을 마련하도록 노력하겠습니다. 감사합니다.,2018.08.17 09:55:22,,2018.08.14,crom****,진료시간 예약,그랑치과교정과치과의원,,false,"적어도 홍보처럼 어린이 교정 볼 수 있는 곳은 아닌 듯합니다
얌전하고 변수가 없는 아이만 치료가능 한 듯합니다 홍보에 변화를 주셔야 할 듯 합니다

다른분들 리뷰처럼 깨끗하긴 합니다 어른들이 치료 받기에 휠씬 적합한 환경입니다  네이버로 예약해서 이 사진 찍은 것도 페이 안 받셨습니다",,
108801,2782409,"항상 친철한 곳~~~~
이제 3개월차에 단추때문에 혀가 너어어어어어무 아프지만 자주 가도 친절해서 좋아여~~인사도 잘 해주시고
의사 선생님들부터 치과위생사분들도~~~~ 실장님도 항상 먼저 인사주시고 예약 잡아주시는 분들도 다 좋아요~~~~ 제 리뷰가 조금이라도 도움이 될까 싶어 올립니당 ㅎㅎ 예쁜 치아위해 힘써주셔서 감사합니다~~~내원 후 확인 전화 오는데 일 때문에 못받아서 죄송합니다ㅋㅋ좋은 밤 되시고 다음 예약날 뵐게용^^*",5,1,안녕하세요 김*진님 저번에 단추때문에 많이 불편하셨었었죠ㅠㅠ 지금은 조금 나아지셨나요? 교정중에는 불편감이 계속 생길수 있지만 조금만 참고 견디면 예쁜치아를 갖게 되실거에요 함께 노력해보아요~ *진님도 항상 오실때 이쁜미소로 인사해주셔서 감사드려요 일하시느라 전화못받으셔도 상처받지않아서 괜찮습니다^^ 다음 예약일때 뵐게요 좋은하루되세요. ,2018.08.17 10:07:22,,2018.08.07,jini****,진료시간 예약,그랑치과교정과치과의원,,false,"항상 친철한 곳~~~~
이제 3개월차에 단추때문에 혀가 너어어어어어무 아프지만 자주 가도 친절해서 좋아여~~인사도 잘 해주시고
의사 선생님들부터 치과위생사분들도~~~~ 실장님도 항상 먼저 인사주시고 예약 잡아주시는 분들도 다 좋아요~~~~ 제 리뷰가 조금이라도 도움이 될까 싶어 올립니당 ㅎㅎ 예쁜 치아위해 힘써주셔서 감사합니다~~~내원 후 확인 전화 오는데 일 때문에 못받아서 죄송합니다ㅋㅋ좋은 밤 되시고 다음 예약날 뵐게용^^*",,
108801,2674403,실장님과 의사 선생님 친절하고 자세한 설명 감사합니다.,5,1,안녕하세요 ~강*미나님 ^^ 상담이 만족 스러우셨다니 다행입니다. 병원 결정에 조금이라도 도움이 되었으면 좋겠습니다. 감사합니다.,2018.07.28 09:53:47,,2018.07.26,kjmn****,진료시간 예약,그랑치과교정과치과의원,,false,실장님과 의사 선생님 친절하고 자세한 설명 감사합니다.,,
108801,2566692,"쾌적한 환경이 무엇보다 마음에 들고, 친절한상담까지 좋았습니다.
아이의 교정치료 예약하고 왔습니다.배열교정치료 기대가 됩니다.~*^^*",5,1,안녕하세요 어머님~ 쾌적한 환경 유지를 위해 노력하고 있습니다.^^ 남*성님 교정 시작하셨는데 기대에 부응하도록 최선을 다하겠습니다. 믿고 시작해주셔서 감사합니다. 요즘 날씨가 너무 더운데 건강 유의하시고 다음 월진료 때 뵙겠습니다.,2018.07.25 10:07:09,,2018.07.07,ykro****,진료시간 예약,그랑치과교정과치과의원,,false,"쾌적한 환경이 무엇보다 마음에 들고, 친절한상담까지 좋았습니다.
아이의 교정치료 예약하고 왔습니다.배열교정치료 기대가 됩니다.~*^^*",,
108801,2552576,늘친절하세요^^,5,1,"이수*님~ 안녕하세요 ~^^ 늘 친절한 그랑교정치과가 되도록 하겠습니다.
다음 월진료때 뵐게요!",2018.07.10 11:55:12,,2018.07.04,qche****,진료시간 예약,그랑치과교정과치과의원,,false,늘친절하세요^^,,
108801,2438552,전문의 교정치과 검색하고 찾아갔어요~티비에도 나왔던 곳이라고 해서 그래 일단 가보자했었어요  예전부터 고민만하다가 큰맘먹고 갔다왔는데 저 봐주셨던 남자원장님이 자세히 설명해주셔서 믿음이 가더라구요~병원도 깔끔하고 세면대조차도 깨끗깨끗 :)  앞으로도 믿고 다닐수있을꺼같아요!,5,1,안녕하세요 이*희 님 오직 교정만 생각하는 치과 그랑교정치과를 믿고 선택해주셔서 감사합니다. 그랑은 환자분들이 이용하시는 파우더룸이 깨끗해야 한다고 생각합니다.반짝반짝 광이 나는 세면대를 보실 수 있도록 더욱 신경 쓰겠습니다.^^,2018.07.06 11:53:05,,2018.06.14,eelj****,진료시간 예약,그랑치과교정과치과의원,,false,전문의 교정치과 검색하고 찾아갔어요~티비에도 나왔던 곳이라고 해서 그래 일단 가보자했었어요  예전부터 고민만하다가 큰맘먹고 갔다왔는데 저 봐주셨던 남자원장님이 자세히 설명해주셔서 믿음이 가더라구요~병원도 깔끔하고 세면대조차도 깨끗깨끗 :)  앞으로도 믿고 다닐수있을꺼같아요!,,
108801,2438405,"저를 봐주셨던 모든 분들이 친절하셨어요^^
남자원장님께서 봐주셨는데 무리한 진행이 아니라 제가 받게될 교정방법, 개선되야 할 점, 궁금했던것 하나하나 이해가기 쉽게 자세히 설명해주셨어요. 교정만 전문적으로 배우신 교정전문의라고 하셔서 더 믿음이 갔어요. 인테리어두 깔끔하고 이쁘고 마음에 안들었던 것이 없었네요ㅎ",5,1,안녕하세요 피부가 너무너무 좋으셨던 이*경님!! 소중한 리뷰 남겨주셔서 감사드립니다. 교정치료 결정이 어려우실수도 있는데 이원장님 상담후에 시원하게 진행결정 해주셔서 감사드립니다. 미소가 이쁘신데 치아때문에 고민이시라고 하셨었죠 이제 걱정없이 웃으실수 있도록 도와드릴게요 ^^,2018.06.26 10:56:58,,2018.06.14,kyeo****,진료시간 예약,그랑치과교정과치과의원,,false,"저를 봐주셨던 모든 분들이 친절하셨어요^^
남자원장님께서 봐주셨는데 무리한 진행이 아니라 제가 받게될 교정방법, 개선되야 할 점, 궁금했던것 하나하나 이해가기 쉽게 자세히 설명해주셨어요. 교정만 전문적으로 배우신 교정전문의라고 하셔서 더 믿음이 갔어요. 인테리어두 깔끔하고 이쁘고 마음에 안들었던 것이 없었네요ㅎ",,
108801,2307648,"당일 상담받고 바로 시작합니다
할까말까 고민 많이 했는데 일단 교정과 전문이고 원장님도 크게 상술처럼 안느끼게 환자 상황에 맞게 잘 얘기하시는듯하고... 특히 실장님이 참 친절하시네요 ㅋㅋ 치료는 원장님이 하시지만... ㅋㅋ치료 끝나는 날까지 첫이미지 그대로가길 바라네요...
끝까지 마무리 잘해서 좋은 후기 남겨보고 싶네요~",4,1,"손*희님 안녕하세요^^. 할까말까 고민 정말 많이 하셨을텐데 저희 병원과 함께 하기로 해주셔서 감사드립니다. 이원장님의 상담이 만족스러우셨다니 다행입니다. ^^
남편분께서 아기 안고 같이상담하러와주셔서 기억에 더 남았던 것 같습니다. 치료 끝날때까지 환자분이 만족하실 수 있는 병원이 되기 위해 더 노력하도록 하겠습니다. 다음 내원일에 뵙겠습니다. 감사드립니다.^^",2018.05.23 17:08:36,,2018.05.21,sonh****,진료시간 예약,그랑치과교정과치과의원,,false,"당일 상담받고 바로 시작합니다
할까말까 고민 많이 했는데 일단 교정과 전문이고 원장님도 크게 상술처럼 안느끼게 환자 상황에 맞게 잘 얘기하시는듯하고... 특히 실장님이 참 친절하시네요 ㅋㅋ 치료는 원장님이 하시지만... ㅋㅋ치료 끝나는 날까지 첫이미지 그대로가길 바라네요...
끝까지 마무리 잘해서 좋은 후기 남겨보고 싶네요~",,
108801,2269502,"당일 예약하고 상담 받고~~~~
담주부터 시작이네영 ㅎㅎㅎㅎ
원장님 정말 친절하고 몰랐던 치아까지 처음 알게되어 뭔가 확신이 들었습니당 
자세하게 설명해주시고 여러가지 교정방법까지~~~다른 곳들과 다르게 충치도 교정 중간이나 후에 해도 된다는 말에 정말 교정은 믿을 수 있겠구나~~~싶어서 바로 하네용 실장님도 자기일처럼 상담해주셔서 좋았습니다~~! 감사합니다 좋은 하루 되세용!!",5,1,김*진님 안녕하세요. 당일날 상담하러 내원하셔서 저희병원에서 하기로 결정해주셔서 감사드립니다. 교정병원 선택함에 있어서 많은 고민이 드셨을텐데 그 선택이 헛되지 않도록 만족스러운 진료로 보답하도록 하겠습니다. 예약일에 뵙겠습니다. 감사드립니다^^,2018.05.19 15:45:33,,2018.05.16,jini****,진료시간 예약,그랑치과교정과치과의원,,false,"당일 예약하고 상담 받고~~~~
담주부터 시작이네영 ㅎㅎㅎㅎ
원장님 정말 친절하고 몰랐던 치아까지 처음 알게되어 뭔가 확신이 들었습니당 
자세하게 설명해주시고 여러가지 교정방법까지~~~다른 곳들과 다르게 충치도 교정 중간이나 후에 해도 된다는 말에 정말 교정은 믿을 수 있겠구나~~~싶어서 바로 하네용 실장님도 자기일처럼 상담해주셔서 좋았습니다~~! 감사합니다 좋은 하루 되세용!!",,
108801,2264814,"원장님이 매우 친절하시고 설명도 잘해주세요
교정 상담 받았는데 다른 방법도 권유해주시고 
감사했습니다",5,1,구*영님 안녕하세요. 이원장님의 상담이 만족스러우셨다니 다행입니다. 워낙 친절하셔서 환자들이 매우 좋아하세요^^ 항상 친절한 그랑교정치과가 되겠습니다. 감사합니다.,2018.05.19 15:42:51,,2018.05.15,jayo****,진료시간 예약,그랑치과교정과치과의원,,false,"원장님이 매우 친절하시고 설명도 잘해주세요
교정 상담 받았는데 다른 방법도 권유해주시고 
감사했습니다",,
108801,2257215,"교정하려고 여러군데 상담다녔는데 그중 제일 좋았어요! 인테리어도 깔끔하고 무엇보다 친절했다는점!!  
제가 상담갔었던 곳 중에서 제일 자세하게 상담해주신것 같아요~",4,1,양*비님 안녕하세요. 저희병원 인테리어 깔끔하다고 해주셔서 감사합니다. 또한 원장님의 상담이 만족스러우셨다니 다행입니다. 앞으로도 친절함이 변치 않는 병원이 되도록 하겠습니다. 감사합니다.,2018.05.19 15:40:49,,2018.05.14,gnwl****,진료시간 예약,그랑치과교정과치과의원,,false,"교정하려고 여러군데 상담다녔는데 그중 제일 좋았어요! 인테리어도 깔끔하고 무엇보다 친절했다는점!!  
제가 상담갔었던 곳 중에서 제일 자세하게 상담해주신것 같아요~",,
108801,2138526,교정을 하고 싶어 어떤 상태인지 처음으로 병원에 내원했는데 의사 쌤 매우 친절하셨어요. 궁금했던 질문들이 너무 많았지만 전부 대답해주셔서 죄송하고 감사했습니다. 신뢰가 가는 병원입니다!,5,1,"김정*님 저희 병원에 내원해주셔서 감사합니다. 궁금하신 사항들을 전부 해소하셨다니 저희의 기분도 좋아지네요^^
신뢰가 가는 병원이라 해주신만큼 더욱 환자분의 입장을 생각하는 병원이 되도록 노력하겠습니다. 감사합니다.",2018.04.26 12:39:42,,2018.04.24,kg78****,진료시간 예약,그랑치과교정과치과의원,,false,교정을 하고 싶어 어떤 상태인지 처음으로 병원에 내원했는데 의사 쌤 매우 친절하셨어요. 궁금했던 질문들이 너무 많았지만 전부 대답해주셔서 죄송하고 감사했습니다. 신뢰가 가는 병원입니다!,,
108801,2140018,"연계가 잘 되어있어 기다리지 않고 오전에 여유롭게 진료를 받을 수 있었어요. 원장님께서 교정 치료에 대해 궁금했던 점을 알기 쉬우면서도 구체적으로 설명을 잘해주시는 게 정말 좋았구요, 또 검사 간에 개인별 자료들이나 사진들을 세부적으로 짚어주셔서 지금 문제가 어떠하고, 교정이 전체적으로 어떤 방향으로 진행될 지 알 수 있었어요. 일반적으로 생각하는 치과의 이미지와는 다르게 분위기도 되게 밝았던 것 같아요. 몇 년 간 교정을 고민만 하다가 하게 되었는데, 교정 전문 치과인 점과 대외적으로도 신뢰도가 있는 것 같아서 선택하기를 잘 했다 생각이 들었어요.",5,1,"장*셉님 안녕하세요^^
원장님의 설명이 만족스러우셨다니 다행입니다. 또한 저희 병원의 분위기를 좋게 평가해주셔 감사합니다.
몇년간 교정을 고민하셨는데 저희 병원에서 진행하기로 결정해주셔서 감사드립니다.
앞으로 매 내원시 불편한 곳이 없도록 늘 신경쓰도록 하겠습니다. 감사합니다.^^ 다음 내원일에 뵙겠습니다.
",2018.04.26 12:44:05,,2018.04.24,yose****,진료시간 예약,그랑치과교정과치과의원,,false,"연계가 잘 되어있어 기다리지 않고 오전에 여유롭게 진료를 받을 수 있었어요. 원장님께서 교정 치료에 대해 궁금했던 점을 알기 쉬우면서도 구체적으로 설명을 잘해주시는 게 정말 좋았구요, 또 검사 간에 개인별 자료들이나 사진들을 세부적으로 짚어주셔서 지금 문제가 어떠하고, 교정이 전체적으로 어떤 방향으로 진행될 지 알 수 있었어요. 일반적으로 생각하는 치과의 이미지와는 다르게 분위기도 되게 밝았던 것 같아요. 몇 년 간 교정을 고민만 하다가 하게 되었는데, 교정 전문 치과인 점과 대외적으로도 신뢰도가 있는 것 같아서 선택하기를 잘 했다 생각이 들었어요.",,
108801,2135290,정기검진 갔다왔어요~ 처음 왔을때보다 환자가 너무 많아져서 놀랐네요 ㅋㅋㅋㅋ 그래도 역시 꼼꼼하게 잘 봐주셔서 너무 좋았어요. 일단 원장님이랑 얘기를 많이 할 수 있어서 참 좋네요 ㅋㅋㅋㅋ 감사합니다~,5,1,"문*용님 정기점진 받으시고 만족하셨다니 다행입니다.
불편하신 사항이 생기시면 꼭 연락주시고 다음번 정기검진 예약일에 뵙겠습니다.^^ 감사합니다.",2018.04.26 12:28:41,,2018.04.24,hran****,진료시간 예약,그랑치과교정과치과의원,,false,정기검진 갔다왔어요~ 처음 왔을때보다 환자가 너무 많아져서 놀랐네요 ㅋㅋㅋㅋ 그래도 역시 꼼꼼하게 잘 봐주셔서 너무 좋았어요. 일단 원장님이랑 얘기를 많이 할 수 있어서 참 좋네요 ㅋㅋㅋㅋ 감사합니다~,,
108801,2132424,"서울대입구역 5번출구 앞 건물에 있어 헤매지않고 병원을 찾을수 있어서 좋았습니다 ^^
또한 원장님께서 너무 정성껏 상담해 주셔서 궁금한걸 해소할 수 있어서 좋았습니다 ^^",5,1,박*리님 안녕하세요 리뷰 남겨주셔서 감사합니다. ^^ 그랑의장점!!! 길찾기어렵지 않으셨죠? 오시는길 헤매지않고 내원하셔서 다행이에요 ~~ 이번주에 장치붙이러 오는 약속 도와드렸는데 잊지않으셨죠????? 예약날까지 맛있는거 많이많이 드시고 오세요 예약날 뵐게요,2018.04.24 16:23:08,,2018.04.23,pnl0****,진료시간 예약,그랑치과교정과치과의원,,false,"서울대입구역 5번출구 앞 건물에 있어 헤매지않고 병원을 찾을수 있어서 좋았습니다 ^^
또한 원장님께서 너무 정성껏 상담해 주셔서 궁금한걸 해소할 수 있어서 좋았습니다 ^^",,
108801,2040261,원장님께서 직접 친절하게 상담해주셨습니다 교정에 대해 매우 전문적이신 원장님이시라 믿음이 갔습니다. 아직 치료를 결정하진 않았지만 상담만으로도 만족스러웠습니다,5,1,전*희님 어제 장치 부착하셨죠? 믿고 결정해주신만큼 좋은결과 나올거에요 ~^^ 다음진료때 뵐게요!,2018.04.11 12:07:10,,2018.04.03,tjdg****,진료시간 예약,그랑치과교정과치과의원,,false,원장님께서 직접 친절하게 상담해주셨습니다 교정에 대해 매우 전문적이신 원장님이시라 믿음이 갔습니다. 아직 치료를 결정하진 않았지만 상담만으로도 만족스러웠습니다,,
108801,2043532,늘친절하고 좋아요,5,1,이수*님 항상 좋은 말씀 남겨주셔서 감사드립니다.^^ 다음 월진료때 뵐게요~ ,2018.04.11 12:09:32,,2018.04.03,qche****,진료시간 예약,그랑치과교정과치과의원,,false,늘친절하고 좋아요,,
108801,2007031,"사실 상담은 실장님과 할 줄 알았는데
엑스레이 찍고 바로 모두 의사선생님이랑 상담할 수 있었어요. 그리고 정말 친절해요!!!",5,1,이*연님 교정상담은 항상 원장님께서 직접 도와드리고 있습니다.^^ 좋게 봐주셔서 정말 감사합니다!!,2018.04.11 11:52:55,,2018.03.26,sogr****,진료시간 예약,그랑치과교정과치과의원,,false,"사실 상담은 실장님과 할 줄 알았는데
엑스레이 찍고 바로 모두 의사선생님이랑 상담할 수 있었어요. 그리고 정말 친절해요!!!",,
108801,1975147,의사선생님이 직접 설명해주셔서 좋았습니다.,5,1,김상*님 안녕하세요 ~^^ 교정상담에 만족하셨다니 기쁩니다. 내원하실때마다 만족하실수 있는 그랑교정치과가 되겠습니다.,2018.04.09 14:18:06,,2018.03.20,inya****,진료시간 예약,그랑치과교정과치과의원,,false,의사선생님이 직접 설명해주셔서 좋았습니다.,,
108801,2008131,친절하고 좋아요 무료로 자세한 상담도 받았어요,5,1,사전예약 하고 방문해 주신 이재*님~ 문의사항 있으시면 언제든 연락주세요 ^^*,2018.04.11 13:53:45,,2018.03.13,dalm****,진료시간 예약,그랑치과교정과치과의원,,false,친절하고 좋아요 무료로 자세한 상담도 받았어요,,
108801,1853029,"교통편이 좋아서 찾아가기 편해요
다들 친절하시구 원장님이 정말 꼼꼼하신것같아요  설명도 잘해주시고",5,1,전*아님 멀리서 내원 하셔서 고민 많으셨을텐데 힘들게 결정하신만큼 원하시는 결과가 나오도록 노력하겠습니다.^^ ,2018.04.09 14:16:06,,2018.02.27,jsa_****,진료시간 예약,그랑치과교정과치과의원,,false,"교통편이 좋아서 찾아가기 편해요
다들 친절하시구 원장님이 정말 꼼꼼하신것같아요  설명도 잘해주시고",,
108801,2200495,친절하고 너무 너무 좋아요 ㅎㅎㅎㅎ,5,1,박*해님 안녕하세요. 네이버 예약 이용해주신지 오래되셨는데도 후기작성해주셔서 감사드립니다. 지금과 변함없이 늘 친절한 그랑교정치과가 되겠습니다. 다음 내원일에 뵙겠습니다.,2018.05.18 12:44:56,,2018.02.26,qkrd****,진료시간 예약,그랑치과교정과치과의원,,false,친절하고 너무 너무 좋아요 ㅎㅎㅎㅎ,,
108801,1727229,늘 친절하고 좋아요,5,1,,,,2018.02.05,qche****,진료시간 예약,그랑치과교정과치과의원,,false,늘 친절하고 좋아요,,
108801,1676923,친절하시고 최첨단이어서 신기했어요. 자세히 설명해주시고 교정잘한다는 확신을 주셔서 하게되었어요! 감사합니다^^,5,1,흰눈처럼 하얀 롱패딩을 입고 내원하셨던 서수*님 ~ ^^ 그랑을 믿고 결정해 주신만큼  교정종료까지 진료로 보답드리겠습니다.,2018.04.11 14:17:56,,2018.01.27,dlsg****,진료시간 예약,그랑치과교정과치과의원,,false,친절하시고 최첨단이어서 신기했어요. 자세히 설명해주시고 교정잘한다는 확신을 주셔서 하게되었어요! 감사합니다^^,,
108801,1697778,항상 친절하신 직원분들 덕에 기분좋게 진료받고 옵니다^^,5,1,,,,2018.01.10,qche****,진료시간 예약,그랑치과교정과치과의원,,false,항상 친절하신 직원분들 덕에 기분좋게 진료받고 옵니다^^,,
108801,1567278,"데스크 담당 직원 분들도 엄청 친절하시고 분위기도 너무 좋아서 호감ㅋㅋ...
대표 원장님이 오셔서 직접 상담 꼼꼼하게 해주셨구요.
전체교정 하려고 했는데 뒷부분은 치열이 나쁘지 않으니까 남는 공간 활용해서
발치 없이 앞니만 부분 교정 하자고 말씀해주시더라구요.
사실 여기 말고도 몇 군데 더 상담 받아 봤는데 그 중에 가장 양심적인거 같아서
여기서 교정 진행할까 합니다ㅋㅋㅋ 잘부탁드려요ㅋㅋㅋㅋ......",5,1,타원에서 전체교정 상담받고 오셨는데 다행히 부분교정으로 진행가능한 케이스여서 부분교정으로 진행중이신 고*선님 항상 웃으면서 내원해주셔서 감사합니다.~^^ 다음 월진료때 뵐게요!,2018.04.11 14:14:45,https://naverbooking-phinf.pstatic.net/20180110_106/1515560565154yMCQ6_JPEG/KakaoTalk_20180110_140120864.jpg,2018.01.10,swee****,진료시간 예약,그랑치과교정과치과의원,,false,"데스크 담당 직원 분들도 엄청 친절하시고 분위기도 너무 좋아서 호감ㅋㅋ...
대표 원장님이 오셔서 직접 상담 꼼꼼하게 해주셨구요.
전체교정 하려고 했는데 뒷부분은 치열이 나쁘지 않으니까 남는 공간 활용해서
발치 없이 앞니만 부분 교정 하자고 말씀해주시더라구요.
사실 여기 말고도 몇 군데 더 상담 받아 봤는데 그 중에 가장 양심적인거 같아서
여기서 교정 진행할까 합니다ㅋㅋㅋ 잘부탁드려요ㅋㅋㅋㅋ......",https://naverbooking-phinf.pstatic.net/20180110_190/1515560565042dxzRy_JPEG/KakaoTalk_20180110_140120371.jpg,https://naverbooking-phinf.pstatic.net/20180110_246/1515560564909nr6fz_JPEG/KakaoTalk_20180110_140119975.jpg
108801,1563095,교정을 알아보다 교정은 여러군데 상담을 받아보고 결정해야한다고 주변에서 얘길 들어서 알아보다 교정전문치과가 있다는걸 알게되서 네이버예약을 통해 예약을 하고 방문했습니다. 요즘 미용실이나 다른곳도 이런 시스템이 있어 좋았었는데바로 예약가능한 시간을 확인할수있고 직접예약을 할수있어 편했습니다. 그리고 다른곳들과 너무 비교될만큼 상담 시간이 길었고 항상 상담을 받고나서 빠트린 질문이 있어 적어갔었는데 꼼꼼하고 친절하게 설명해주셔서 너무 감사했습니다. 드디어 이 어려운 결정을 한만큼 정말 잘됐으면  하는 바램입니다.,5,1,,,,2018.01.03,hone****,진료시간 예약,그랑치과교정과치과의원,,false,교정을 알아보다 교정은 여러군데 상담을 받아보고 결정해야한다고 주변에서 얘길 들어서 알아보다 교정전문치과가 있다는걸 알게되서 네이버예약을 통해 예약을 하고 방문했습니다. 요즘 미용실이나 다른곳도 이런 시스템이 있어 좋았었는데바로 예약가능한 시간을 확인할수있고 직접예약을 할수있어 편했습니다. 그리고 다른곳들과 너무 비교될만큼 상담 시간이 길었고 항상 상담을 받고나서 빠트린 질문이 있어 적어갔었는데 꼼꼼하고 친절하게 설명해주셔서 너무 감사했습니다. 드디어 이 어려운 결정을 한만큼 정말 잘됐으면  하는 바램입니다.,,
108801,1525433,"제가 예약한 시간보다 좀 늦을것 같아 전화드렸는데 친절히 설명해주시고 다시 잡아주셔서 감사했어용~!
대기시간 없이 바로 상담했습니당. 많이 붐비지않아서 더욱 좋았어요
교정 전문의가 많지않다고 하던데 교정전문이시라 더 믿음이가요! 치아 발치 해야될줄 알았는데 안해서 다행다행.
병원도 깨끗하고 위치가 역 앞에 진짜 코앞이라 가까워서 좋으네요 흐흐
이제 방문할 일도 많을텐데 잘 부탁드립니당.",5,1,전선*님 예약시간에 못맞추실것 같다고 미리 연락 주셔서 감사해요~ 항상 청결함을 유지하는 그랑되겠습니다.^^,2018.04.11 13:58:52,,2018.01.03,jsa_****,진료시간 예약,그랑치과교정과치과의원,,false,"제가 예약한 시간보다 좀 늦을것 같아 전화드렸는데 친절히 설명해주시고 다시 잡아주셔서 감사했어용~!
대기시간 없이 바로 상담했습니당. 많이 붐비지않아서 더욱 좋았어요
교정 전문의가 많지않다고 하던데 교정전문이시라 더 믿음이가요! 치아 발치 해야될줄 알았는데 안해서 다행다행.
병원도 깨끗하고 위치가 역 앞에 진짜 코앞이라 가까워서 좋으네요 흐흐
이제 방문할 일도 많을텐데 잘 부탁드립니당.",,
108801,1518823,"네이버도 치과도 머하는 건지
금요일밤쯤에 찾아보다가 네이버 예약기 되길래 토요일 오전으로 예약을 하고 갔더니
토요일 오전에는 원래 진료를 안한다고 하네요... 자기들은 원래 토요일 오전에 진료를 안한다고..
원래 그런 정책을 갖고 있으면서 치과에서 수정을 해서 헛고생 하질 않게 하던지 
사람 바쁜시간내서 갔는데 이게 먼짓인가요 ???
죄송하다는 말밖에 할 말이 없겠지만 치과에서 제가 예약한지도 모르더라구요...
평가 좋아서 갔다가 기본도 안되어 있는 걸 보고 너무 실망스러웠습니다.
결국 진료도 못받고 시간버리고 돈버리고 너무너무너무 실망입니다.",1,1,,,,2017.12.30,raka****,진료시간 예약,그랑치과교정과치과의원,,false,"네이버도 치과도 머하는 건지
금요일밤쯤에 찾아보다가 네이버 예약기 되길래 토요일 오전으로 예약을 하고 갔더니
토요일 오전에는 원래 진료를 안한다고 하네요... 자기들은 원래 토요일 오전에 진료를 안한다고..
원래 그런 정책을 갖고 있으면서 치과에서 수정을 해서 헛고생 하질 않게 하던지 
사람 바쁜시간내서 갔는데 이게 먼짓인가요 ???
죄송하다는 말밖에 할 말이 없겠지만 치과에서 제가 예약한지도 모르더라구요...
평가 좋아서 갔다가 기본도 안되어 있는 걸 보고 너무 실망스러웠습니다.
결국 진료도 못받고 시간버리고 돈버리고 너무너무너무 실망입니다.",,
108801,1525786,여러군데 상담 받으러 다녀왔는데 너무 친절하고 좋았어서 리뷰 남겨요~~ 고급스러운 인테리어나 분위기도 좋았지만 원장님이 상담을 자세하게 해주신게 제일 좋았던것 같네요 상담만 받으려고 갔는데 믿고 다닐수 있겠다는 생각이 들어서 그랑에서 하기로 결정했습니다.,5,1,언제나 예약시간에 잘 맞춰서 내원해주시는 김*지님 ~ 교정시작하신지 벌써 3개월이 되셨네요! 언제나 만족하실수 있는 그랑되겠습니다.^^,2018.04.11 13:56:26,,2017.12.30,co50****,진료시간 예약,그랑치과교정과치과의원,,false,여러군데 상담 받으러 다녀왔는데 너무 친절하고 좋았어서 리뷰 남겨요~~ 고급스러운 인테리어나 분위기도 좋았지만 원장님이 상담을 자세하게 해주신게 제일 좋았던것 같네요 상담만 받으려고 갔는데 믿고 다닐수 있겠다는 생각이 들어서 그랑에서 하기로 결정했습니다.,,
108801,1469272,네이버예약 믿을게못되네요...승인되서 병원갔는데 문닫았더라구요..전화해보구 가세요,1,1,"박산*님. 네이버 예약을 통해 예약해주셨는데, 휴진이셔서 많이 당황하셨죠ㅠ 정말 죄송합니다. 저희가 크리스마스 당일에는 진료를 하지 않아서 별도 공지를 드렸어야 했는데 그렇지 못해 죄송합니다. 앞으로는 꼭 별도 공지를 해드리도록 하겠습니다. 예약은 유선으로 연락드려 다시 잡아드리도록 하겠습니다. 다시 한번 죄송한 말씀을 전합니다.",2017.12.26 12:56:30,,2017.12.25,sahn****,진료시간 예약,그랑치과교정과치과의원,,false,네이버예약 믿을게못되네요...승인되서 병원갔는데 문닫았더라구요..전화해보구 가세요,,
108801,1373162,아직 교정 시작하진 않았지만 친절하고 좋았습니다^^,5,1,정예*님^^ 그랑교정치과에서 교정상담 받아주셔서 감사합니다. 상담 받으신 내용대로 치과 선택 잘 하셔서 꼭 좋은 결과 있기를 바라겠습니다. 감사합니다^^,2017.12.11 11:02:31,,2017.12.04,yeji****,진료시간 예약,그랑치과교정과치과의원,,false,아직 교정 시작하진 않았지만 친절하고 좋았습니다^^,,
108801,1354705,서울대 학생입니다. 저희 학교에 대자보 보고 협력 치과인 걸 알았습니다. 인테리어가 너무 고급져서 치과 아닌 줄 알았습니다. 교정시작하는 것만큼 잘됐으면 좋겠어요!,5,1,"김*님^^ 잘될거예요. 걱정하지 마시고, 저희도 최선을 다해 진료볼 수 있도록 각별히 신경쓰겠습니다. 다음 정기체크때 뵙겠습니다^^",2017.12.01 10:29:54,https://naverbooking-phinf.pstatic.net/20171201_169/1512091406342XqVu8_JPEG/image.jpg,2017.11.30,0327****,진료시간 예약,그랑치과교정과치과의원,,false,서울대 학생입니다. 저희 학교에 대자보 보고 협력 치과인 걸 알았습니다. 인테리어가 너무 고급져서 치과 아닌 줄 알았습니다. 교정시작하는 것만큼 잘됐으면 좋겠어요!,,
108801,1302339,"친절하신 원장님과 반갑게 맞아주는 직원들이 있어
여러 곳 비교하고 그랑에서 교정 하기로 결정한게
너무나 다행이라고 생각합니다.",5,1,"서용*님^^ 늦은 나이에 교정 시작하셔서 불안해 하셨죠! 걱정 마시고, 저희가 끝까지 함께 최선을 다해 치료하겠습니다. 다음 정기체크 때 뵙겠습니다.",2017.11.21 10:11:38,,2017.11.17,loco****,진료시간 예약,그랑치과교정과치과의원,,false,"친절하신 원장님과 반갑게 맞아주는 직원들이 있어
여러 곳 비교하고 그랑에서 교정 하기로 결정한게
너무나 다행이라고 생각합니다.",,
108801,1300592,"다른병원에서는  원장님 상담을  짧게 하고 거의 직원이랑 했는데 여기는 원장님이 상담을 엄청 자세히 해줘서 너무 좋았어요.
직원들도 다른 손님들한테 인사도 잘해주고 분위기 굿굿ㅎㅎ",5,1,정요*님^^ 네이버 예약을 통해 내원해주셔서 감사합니다. 웃는 모습이 정말 이쁘세요. 교정 치료 끝난 뒤엔 더 밝은 미소 가질 수 있게 함께 열심히 치료해보아요^^ 다음 정기체크때 봬요!,2017.11.21 10:10:29,,2017.11.17,thfk****,진료시간 예약,그랑치과교정과치과의원,,false,"다른병원에서는  원장님 상담을  짧게 하고 거의 직원이랑 했는데 여기는 원장님이 상담을 엄청 자세히 해줘서 너무 좋았어요.
직원들도 다른 손님들한테 인사도 잘해주고 분위기 굿굿ㅎㅎ",,
108801,1247410,이번에 교정 시작하게 됐는데 치아교정만 전문으로 하는 치과라 그런지 확실히 다르긴 한거 같아요. 다른 곳보다 6개월 정도 빨리 끝내주신다고 했는데 꼭 그렇게 됐으면 좋겠어요!!,5,1,"정지*님^^ 네이버 예약을 통해 내원해주셔서 감사합니다. 정기검진 꾸준히 오시고, 무슨 일 있으시면 언제든지 카톡상담 부탁드립니다! 감사합니다.",2017.11.06 18:27:13,https://naverbooking-phinf.pstatic.net/20171102_117/1509610354738UjLji_JPEG/KakaoTalk_20171102_171159769.jpg,2017.11.02,0705****,진료시간 예약,그랑치과교정과치과의원,,false,이번에 교정 시작하게 됐는데 치아교정만 전문으로 하는 치과라 그런지 확실히 다르긴 한거 같아요. 다른 곳보다 6개월 정도 빨리 끝내주신다고 했는데 꼭 그렇게 됐으면 좋겠어요!!,,
108801,1269527,"예약확인도 빨리해주시고해서 좋았습니다.  전화상담부터 친절해서  일단 기분좋게 갔는데   원장님도 믿음이가고 너무 친절하셔서 바로 시작하고 왔습니다.  다른데는 발치하라고 했는데  비발치로 진행해서 너무 좋습니다. 원장님께서 젊은데 발치하면 너무아까울꺼같다고 하셔서 아, 여기서 해야겠구나 했습니다. 마무리까지 기분좋게 다닐수있겠네요ㅎㅎ 잘부탁드립니다 !",5,1,김지*님^^ 네이버 예약을 통해 내원해주셔서 감사합니다. 저희도 마무리 할 때까지 최선을 다해 치료하도록 하겠습니다. 불편한 사항이 있으시면 언제든지 카톡 부탁드립니다! 다음 정기검진 때 뵙겠습니다. 감사합니다.,2017.11.08 16:05:44,,2017.11.01,wlww****,진료시간 예약,그랑치과교정과치과의원,,false,"예약확인도 빨리해주시고해서 좋았습니다.  전화상담부터 친절해서  일단 기분좋게 갔는데   원장님도 믿음이가고 너무 친절하셔서 바로 시작하고 왔습니다.  다른데는 발치하라고 했는데  비발치로 진행해서 너무 좋습니다. 원장님께서 젊은데 발치하면 너무아까울꺼같다고 하셔서 아, 여기서 해야겠구나 했습니다. 마무리까지 기분좋게 다닐수있겠네요ㅎㅎ 잘부탁드립니다 !",,
108801,2134625,정기검진 다녀왔는데요 처음보다 손님들이 많아져서 놀랐네요 ㅋㅋㅋ 그래도 꼼꼼하게 잘 신경써주셔서 너무 감사합니다~ 다른치과랑은 다르게 원장님이 참 신경을 많이 써준다는 느낌이 드네요 ㅋㅋㅋ,5,1,"문세*님 며칠 전에 사랑니 발치하셨다고 볼 빵빵해진 모습으로 내원해주셨던 게 기억나네요 ~ 교정 끝나시고 정기검진 항상 빼먹지 않고 내원해주시고 유지 잘해주고 계셔서 감사드려요 ^^ 사다 주신 음료도 너무너무 맛있게 먹었어요! 다음 정기검진 때 뵐게요 
",2018.04.24 14:24:26,,2017.10.31,hran****,진료시간 예약,그랑치과교정과치과의원,,false,정기검진 다녀왔는데요 처음보다 손님들이 많아져서 놀랐네요 ㅋㅋㅋ 그래도 꼼꼼하게 잘 신경써주셔서 너무 감사합니다~ 다른치과랑은 다르게 원장님이 참 신경을 많이 써준다는 느낌이 드네요 ㅋㅋㅋ,,
108801,1221655,가는 길에 카톡으로 클리피씨 상담했더니 답장도 빠르고 꼼꼼하게 잘 알려주시더라구요 덕분에 직접 가서 상담하는데 수월했네요~~감사합니다~~,5,1,장민*님^^ 다음주부터 교정 시작하기로 하셨죠? 사랑니 걱정하지 마시고 아프지 않게 교정치료 도와드리겠습니다^^,2017.10.27 19:50:43,,2017.10.26,luce****,진료시간 예약,그랑치과교정과치과의원,,false,가는 길에 카톡으로 클리피씨 상담했더니 답장도 빠르고 꼼꼼하게 잘 알려주시더라구요 덕분에 직접 가서 상담하는데 수월했네요~~감사합니다~~,,
108801,1242268,의료진 분들 대기 시간을 편히 기다릴수 있도록 안내해주셨습니다! 교정 전문의 선생님의 친절하고 성심 성의껏 상담해주셔서 감사합니다♡,5,1,조나*님^^ 그랑교정치과의 의료서비스에 만족하셨다니 정말 다행입니다. 앞으로도 환자분들께 더 편의를 제공할 수 있도록 노력하겠습니다.,2017.11.01 09:32:02,,2017.10.24,skyl****,진료시간 예약,그랑치과교정과치과의원,,false,의료진 분들 대기 시간을 편히 기다릴수 있도록 안내해주셨습니다! 교정 전문의 선생님의 친절하고 성심 성의껏 상담해주셔서 감사합니다♡,,
108801,1205608,"교정상담 예약 후 방문! 당일예약한거라 혹시나 하고 전화로 확인해봤더니 예약접수됨, 다음엔 미리미리 예약해야겠다! 교정담당의사쌤이 따로 계셔서 자세하게 상담진료 받을수 있었어요~ ^^",5,1,문은*님^^ 저희 그랑교정치과 진료서비스에 대해 만족하셨다니 정말 감사드립니다. 앞으로도 최고의 고객만족 의료서비스를 제공할 수 있도록 최선을 다하겠습니다.,2017.10.25 18:14:54,,2017.10.21,clea****,진료시간 예약,그랑치과교정과치과의원,,false,"교정상담 예약 후 방문! 당일예약한거라 혹시나 하고 전화로 확인해봤더니 예약접수됨, 다음엔 미리미리 예약해야겠다! 교정담당의사쌤이 따로 계셔서 자세하게 상담진료 받을수 있었어요~ ^^",,
108801,1241819,어릴적부터 교정을 생각하다가 회사원이 된 지금에서야 교정을 시작하게 되었네요. 늦은 나이에 시작한 만큼 좋은 결과가 있었으면 좋겠습니다 ^^,5,1,네 문세*님^^ 늦었다고 생각했을 때가 가장 빠른 법입니다. 좋은 결과 있을 수 있도록 저희도 최선을 다하겠습니다. 다음주에 봬요~!,2017.10.31 18:51:13,,2017.09.22,hran****,진료시간 예약,그랑치과교정과치과의원,,false,어릴적부터 교정을 생각하다가 회사원이 된 지금에서야 교정을 시작하게 되었네요. 늦은 나이에 시작한 만큼 좋은 결과가 있었으면 좋겠습니다 ^^,,
