bookingBusinessId,reviewId,reviewBody,score,isImp,replyBody,resourceUrlList/0,completedDate,id,bookingItemName,bookingBusinessName,optionNameList,body/0/isHighlight,body/0/text,,,
183373,6928345,일보러나왔다가 스케일링할겸해서 찾아보다가 후기가 좋아서 방문했습니다! 선생님 직원분들 모두 친절하셨고 꼼꼼히 해주셨어요 ~ 감사합니다,5,1,,,2019.09.23,js93****,진료예약,메이트치과의원,,false,일보러나왔다가 스케일링할겸해서 찾아보다가 후기가 좋아서 방문했습니다! 선생님 직원분들 모두 친절하셨고 꼼꼼히 해주셨어요 ~ 감사합니다,,,
183373,6884877,"원장님 친절하고 설명 잘 해주시네요
앞으로 제 치아 믿고 맡겨도 될거같습니다-!",5,1,,,2019.09.20,ywpa****,진료예약,메이트치과의원,스켈링,false,"원장님 친절하고 설명 잘 해주시네요
앞으로 제 치아 믿고 맡겨도 될거같습니다-!",,,
183373,6881259,진짜 소문대로 너무 친절하시고 좋으세요 ㅜㅠ 과잉진료도 절대 안 하시고 전반적으로 너무 친절하고 많이 신경써주시네요!,5,1,,,2019.09.20,suns****,진료예약,메이트치과의원,스켈링,false,진짜 소문대로 너무 친절하시고 좋으세요 ㅜㅠ 과잉진료도 절대 안 하시고 전반적으로 너무 친절하고 많이 신경써주시네요!,,,
183373,6849629,오늘 처음 방문해서 스케일링했는데 대박 만족이요!!  의사선생님 간호사 선생님 다 친절하시고요. 스케일링도 대박 만족스러웠습니다!,5,1,,,2019.09.17,stor****,진료예약,메이트치과의원,스켈링,false,오늘 처음 방문해서 스케일링했는데 대박 만족이요!!  의사선생님 간호사 선생님 다 친절하시고요. 스케일링도 대박 만족스러웠습니다!,,,
183373,6845010,"아주 친절하고, 편하게 진료 받았습니다!",5,1,,,2019.09.16,hhf8****,진료예약,메이트치과의원,,false,"아주 친절하고, 편하게 진료 받았습니다!",,,
183373,6897621,꼼꼼하고 편안하게 스케일링 잘 받았습니다~ 사전에  세심하게 체크해주셔서 고맙습니다!!,5,1,,,2019.09.16,nara****,진료예약,메이트치과의원,스켈링,false,꼼꼼하고 편안하게 스케일링 잘 받았습니다~ 사전에  세심하게 체크해주셔서 고맙습니다!!,,,
183373,6835237,오늘 진료받았는데 매우 만족합니다! 엑스레이 찍고 견적 확인하러 가봤는데 상담받고 그냥 바로 치료받고왔어요. 치료 중간에 아프다고 하면 바로 조정해주시고 어떤과정 진행하는지 말씀해주셔서 좋았어요!,5,1,,,2019.09.16,whal****,진료예약,메이트치과의원,,false,오늘 진료받았는데 매우 만족합니다! 엑스레이 찍고 견적 확인하러 가봤는데 상담받고 그냥 바로 치료받고왔어요. 치료 중간에 아프다고 하면 바로 조정해주시고 어떤과정 진행하는지 말씀해주셔서 좋았어요!,,,
183373,6785682,처음 방문했는데 진료 잘 봐주시고 감사했습니다.,5,1,,,2019.09.11,andy****,진료예약,메이트치과의원,,false,처음 방문했는데 진료 잘 봐주시고 감사했습니다.,,,
183373,6781332,스케일링 꼼꼼하게 해주시고 친절하셔서 다음에 또 오고싶네요,5,1,,,2019.09.11,yese****,진료예약,메이트치과의원,,false,스케일링 꼼꼼하게 해주시고 친절하셔서 다음에 또 오고싶네요,,,
183373,6779948,네이버 예약 되눈 곳으로 찾아서 무작정 갔는데 너무 친절하시고!! 안아팠어요ㅠㅠㅠ 사랑니 발치 동시에 두개하느라 걱정많이 했는데 너무 만족스럽습니다~~ 아직 마취가 덜풀려서 그런지는 모르겠지만 하여튼 안아팠어용 !!,5,1,,,2019.09.11,hena****,진료예약,메이트치과의원,,false,네이버 예약 되눈 곳으로 찾아서 무작정 갔는데 너무 친절하시고!! 안아팠어요ㅠㅠㅠ 사랑니 발치 동시에 두개하느라 걱정많이 했는데 너무 만족스럽습니다~~ 아직 마취가 덜풀려서 그런지는 모르겠지만 하여튼 안아팠어용 !!,,,
183373,4488960,친절하세요!!!,4,1,,,2019.03.19,koji****,진료예약,메이트치과의원,스켈링,false,친절하세요!!!,,,
183373,4483779,좀기다리긴했지만 다들 친절하게 잘해주셨어요!!,4,1,,,2019.03.18,sumi****,진료예약,메이트치과의원,스켈링,false,좀기다리긴했지만 다들 친절하게 잘해주셨어요!!,충치치료,,
183373,4480512,"턱이 아파 처음으로 예약시스템을 이용해 다녀왔습니다 일단 예약시스템이 너무 편리합니다~ 
그리고 다들 너무 친절하게 얘기해주시고 선생님께서도 잘 설명해주셔서 기분좋게 다녀왔네요
감사합니다~",5,1,,,2019.03.18,know****,진료예약,메이트치과의원,,false,"턱이 아파 처음으로 예약시스템을 이용해 다녀왔습니다 일단 예약시스템이 너무 편리합니다~ 
그리고 다들 너무 친절하게 얘기해주시고 선생님께서도 잘 설명해주셔서 기분좋게 다녀왔네요
감사합니다~",,,
183373,4428115,다들 정말 친절하시고 안아프고 빠르게 치료해주셔서 좋았어요:)♡ 대만족!!,5,1,,,2019.03.12,skkl****,진료예약,메이트치과의원,사랑니발치,false,다들 정말 친절하시고 안아프고 빠르게 치료해주셔서 좋았어요:)♡ 대만족!!,스켈링,,
183373,4425497,직원들 모두 친절하십니다^^,4,1,,,2019.03.11,gp80****,진료예약,메이트치과의원,사랑니발치,false,직원들 모두 친절하십니다^^,,,
183373,4429805,"처음 사랑니 뺄때의 고통이 너무심해 미루고 미루다 찾은 메이트 치과. 회사와 같은 건물에 있고 리뷰가 좋아서 방문했는데 완전 대박이네요. 무통마취, 빠른 발치와 미리 진통주사를 놔주시는 원장님의 센스! 특히 마취가글 후 스켈링할땐 신세계를 경험한 듯 하네요. 지금 발치한지 2시간밖에 안지났는데 멀쩡하네요. 저 리뷰 처음써보는데 완전 강추입니다.",5,1,,,2019.03.11,dsch****,진료예약,메이트치과의원,,false,"처음 사랑니 뺄때의 고통이 너무심해 미루고 미루다 찾은 메이트 치과. 회사와 같은 건물에 있고 리뷰가 좋아서 방문했는데 완전 대박이네요. 무통마취, 빠른 발치와 미리 진통주사를 놔주시는 원장님의 센스! 특히 마취가글 후 스켈링할땐 신세계를 경험한 듯 하네요. 지금 발치한지 2시간밖에 안지났는데 멀쩡하네요. 저 리뷰 처음써보는데 완전 강추입니다.",,,
183373,4392491,"의사선생님, 간호사선생님 모두 친절하셨고, 당일 예약에도 불구하고 지연없이 바로 진료 가능해서 좋았어요.
사랑니 발치는 물론, 발치 전 스케일링도 굉장히 꼼꼼하게 해주셔서 매우 만족합니다.",5,1,,,2019.03.08,jiye****,진료예약,메이트치과의원,사랑니발치,false,"의사선생님, 간호사선생님 모두 친절하셨고, 당일 예약에도 불구하고 지연없이 바로 진료 가능해서 좋았어요.
사랑니 발치는 물론, 발치 전 스케일링도 굉장히 꼼꼼하게 해주셔서 매우 만족합니다.",,,
183373,4378593,"저녁 예약시간 조절도 잘 해주시고 인근직장인들이 가기좋네요, 물론 너무 친절하시고 실력들도 좋우시네요 감사합니다",5,1,,,2019.03.06,dolg****,진료예약,메이트치과의원,스켈링,false,"저녁 예약시간 조절도 잘 해주시고 인근직장인들이 가기좋네요, 물론 너무 친절하시고 실력들도 좋우시네요 감사합니다",,,
183373,4379938,스케일링 다녀왔는데 꼼꼼히 봐주시고 치아 안 쪽 사진까지 찍어주시면서 치아상태 확인해주셔서 넘 좋았어요!,5,1,,,2019.03.05,shal****,진료예약,메이트치과의원,스켈링,false,스케일링 다녀왔는데 꼼꼼히 봐주시고 치아 안 쪽 사진까지 찍어주시면서 치아상태 확인해주셔서 넘 좋았어요!,,,
183373,4357022,갈때마다 항상 친절하게 진료봐주셔서 좋았어요. 과잉진료도 없어서 만족합니다.,5,1,,,2019.03.04,mina****,진료예약,메이트치과의원,충치치료,false,갈때마다 항상 친절하게 진료봐주셔서 좋았어요. 과잉진료도 없어서 만족합니다.,,,
183373,4290808,원장님도 간호사분들도 모두 친절하십니다,5,1,,,2019.02.26,ssek****,진료예약,메이트치과의원,스켈링,false,원장님도 간호사분들도 모두 친절하십니다,,,
183373,4277771,스켈링 꼼꼼히 잘 봐주셨도 끝나고 어디를 더 신경써야하는지도 말씀 해주셨습니다. 다른 부분도 문제가? 있는지 같이 봐주셔서 감사합니다 ~~,5,1,,,2019.02.25,min1****,진료예약,메이트치과의원,스켈링,false,스켈링 꼼꼼히 잘 봐주셨도 끝나고 어디를 더 신경써야하는지도 말씀 해주셨습니다. 다른 부분도 문제가? 있는지 같이 봐주셔서 감사합니다 ~~,,,
183373,4217875,"교정 알아보려 갔는데 원장님께서 너무 친절하게 꼼꼼히 
상담 해주셔서 편하게 내원했습니다! 감사합니다~",5,1,,,2019.02.18,minj****,진료예약,메이트치과의원,,false,"교정 알아보려 갔는데 원장님께서 너무 친절하게 꼼꼼히 
상담 해주셔서 편하게 내원했습니다! 감사합니다~",,,
183373,4216202,"평소에 겁이 많은편이라 잔뜩 긴장하고 갔는데 너무 잘해주셔서 긴장도 다 풀리고 안아프게 사랑니발치 한거같아용
충치치료 해야할거있는데 또 예약하구 갈게용 
무통마취 박수!!",5,1,,,2019.02.18,tmls****,진료예약,메이트치과의원,사랑니발치,false,"평소에 겁이 많은편이라 잔뜩 긴장하고 갔는데 너무 잘해주셔서 긴장도 다 풀리고 안아프게 사랑니발치 한거같아용
충치치료 해야할거있는데 또 예약하구 갈게용 
무통마취 박수!!",스켈링,,
183373,4215785,"교정 상담 친절하고 너무 꼼꼼히 봐주셔서 놀랬어요
교정치과 알아보는 중이라 다른 곳도 가봤는데 간단 상담만 하러 왔다하면 대충 봐주시던데..
교정 치료 터무니 없이 비싼 곳도 많던데 비용도 합리적이고 여기는 신뢰가 가네요",5,1,,,2019.02.18,adad****,진료예약,메이트치과의원,교정상담,false,"교정 상담 친절하고 너무 꼼꼼히 봐주셔서 놀랬어요
교정치과 알아보는 중이라 다른 곳도 가봤는데 간단 상담만 하러 왔다하면 대충 봐주시던데..
교정 치료 터무니 없이 비싼 곳도 많던데 비용도 합리적이고 여기는 신뢰가 가네요",,,
183373,4279737,스케일링 예약후 당일 치료 가능했습니다 가글마취하고 스케일링해서 그런지 불편함이 없었습니다 다음에도 여기서 스케일링 해야겠네요,5,1,,,2019.02.12,c801****,진료예약,메이트치과의원,스켈링,false,스케일링 예약후 당일 치료 가능했습니다 가글마취하고 스케일링해서 그런지 불편함이 없었습니다 다음에도 여기서 스케일링 해야겠네요,,,
183373,4152709,친절하게 진료 해주셔서 만족스레 치료 받구 왔습니다. 추천해요!!,5,1,,,2019.02.08,whit****,진료예약,메이트치과의원,충치치료,false,친절하게 진료 해주셔서 만족스레 치료 받구 왔습니다. 추천해요!!,,,
183373,4041670,회사근처 알아보다 갔는데 친절하고 스케일링할때 마취되는 가글로 먼저하고 해서 불편함도 적었어요 ㅎ 완전 만족만족 게다가 원장님도  친절하고 너무 좋더라구요 ㅎㅎ,5,1,,,2019.01.28,jiyo****,진료예약,메이트치과의원,스켈링,false,회사근처 알아보다 갔는데 친절하고 스케일링할때 마취되는 가글로 먼저하고 해서 불편함도 적었어요 ㅎ 완전 만족만족 게다가 원장님도  친절하고 너무 좋더라구요 ㅎㅎ,,,
183373,4045018,설명도 친절하게 잘해주시고 치료할 부위 사진 찍어서 보여주시면서 진행하시니까 좋았어요,5,1,,,2019.01.28,vlrm****,진료예약,메이트치과의원,기타,false,설명도 친절하게 잘해주시고 치료할 부위 사진 찍어서 보여주시면서 진행하시니까 좋았어요,충치치료,,
183373,4039044,원장님 친절하고 상세한 설명감사합니다,5,1,,,2019.01.28,gton****,진료예약,메이트치과의원,,false,원장님 친절하고 상세한 설명감사합니다,,,
183373,4009286,선생님도 친절하시고 치아에 대해서 잘 설명해주십니다 스케일링 받았는데 다른 치과에 비해서 꼼꼼하게 잘해주시네요~,5,1,,,2019.01.25,bara****,진료예약,메이트치과의원,,false,선생님도 친절하시고 치아에 대해서 잘 설명해주십니다 스케일링 받았는데 다른 치과에 비해서 꼼꼼하게 잘해주시네요~,,,
183373,3981894,주말에 갑작스레 충치 떼운게 빠져서 급하게 예약하고 갔는데 친절하게 잘 해주셔서 김사합니다~ 야간에도 진료해서 회사 끝나고 오기에 부담도 덜 되네요~,5,1,,,2019.01.21,i33p****,진료예약,메이트치과의원,충치치료,false,주말에 갑작스레 충치 떼운게 빠져서 급하게 예약하고 갔는데 친절하게 잘 해주셔서 김사합니다~ 야간에도 진료해서 회사 끝나고 오기에 부담도 덜 되네요~,,,
183373,3990424,"스케일링하려고 처음 방문했는데 이용내내 무척 친절하셨고, 질문에도 자세히 설명해주셔서 좋았어요! 다음주 또 방문예정입니다 ㅎㅎ",5,1,,,2019.01.21,quty****,진료예약,메이트치과의원,스켈링,false,"스케일링하려고 처음 방문했는데 이용내내 무척 친절하셨고, 질문에도 자세히 설명해주셔서 좋았어요! 다음주 또 방문예정입니다 ㅎㅎ",,,
183373,3940278,"늦은 시간에 급하게 예약 했는데도 불구하고 바로 예약 확정이 되어서 방문하게 되었습니다.
다들 엄청 친절하시고 마취주사 놓기 전에 바르는 마취도 해주는 배려가 특히  좋았습니다 ㅎ",5,1,,,2019.01.16,mich****,진료예약,메이트치과의원,기타,false,"늦은 시간에 급하게 예약 했는데도 불구하고 바로 예약 확정이 되어서 방문하게 되었습니다.
다들 엄청 친절하시고 마취주사 놓기 전에 바르는 마취도 해주는 배려가 특히  좋았습니다 ㅎ",,,
183373,3938012,오늘 스케일링 받았는데 너무 꼼꼼하고 친절하게 잘 봐주셨어요! 의사선생님께서 검진도 꼭 같이 해주시고 스케일링해주시는 치위생사선생님께서도 챙겨야할 부분 꼼꼼히 말씀해 주셔서 너무 좋았습니다,5,1,,,2019.01.16,fett****,진료예약,메이트치과의원,스켈링,false,오늘 스케일링 받았는데 너무 꼼꼼하고 친절하게 잘 봐주셨어요! 의사선생님께서 검진도 꼭 같이 해주시고 스케일링해주시는 치위생사선생님께서도 챙겨야할 부분 꼼꼼히 말씀해 주셔서 너무 좋았습니다,,,
183373,3929109,"스케일링 받았는데 가글마취
해주셔서 덜 힘들게 잘 받았어요. 치아관리법도 설명해주시고 다음 번에도 이용할게요.",5,1,,,2019.01.15,sunh****,진료예약,메이트치과의원,스켈링,false,"스케일링 받았는데 가글마취
해주셔서 덜 힘들게 잘 받았어요. 치아관리법도 설명해주시고 다음 번에도 이용할게요.",,,
183373,3865779,당일 예약해서 스케일링 하러갔는데 너무 좋았어요. 다들 친절하시고 스케일링 할때도 마취가글해서 다른곳보다 훨씬 이시림이 덜했어요.,5,1,,,2019.01.07,tmd3****,진료예약,메이트치과의원,스켈링,false,당일 예약해서 스케일링 하러갔는데 너무 좋았어요. 다들 친절하시고 스케일링 할때도 마취가글해서 다른곳보다 훨씬 이시림이 덜했어요.,,,
183373,3840374,급하게 예약 잡고 간건데 친절하게 설명해주시고 통증없이 사랑니 발치 잘한것 같습니다. 치료 잘 받겠습니다. 감사합니다.,5,1,,,2019.01.03,bros****,진료예약,메이트치과의원,사랑니발치,false,급하게 예약 잡고 간건데 친절하게 설명해주시고 통증없이 사랑니 발치 잘한것 같습니다. 치료 잘 받겠습니다. 감사합니다.,충치치료,,
183373,3646282,"이번에 새로 가게된 곳인데 너무 좋았습니다
일요일에 급하게 예약했는데 얼마 지나지않아 확정 바로 들어오더라구요.
스케일링 안아프고 좋았어요, 처음해봐서 궁금한게많았는데 친절하게 답변해주셔서 감사했습니다!
마취주사도 안아프게 놔주시고, 최대한으로 치아 살릴 수있게 도와주시고 또 나중에 치아를 어떻게 관리하면 좋은지도 알려주셔서 좋았어요.
간호사분들도 데스크 분들도 친절해서 들어갔을때부터 나올때 까지 너무 좋았어요~~
앞으로도 잘 부탁드립니다~~^^",5,1,,,2018.12.10,an95****,진료예약,메이트치과의원,기타,false,"이번에 새로 가게된 곳인데 너무 좋았습니다
일요일에 급하게 예약했는데 얼마 지나지않아 확정 바로 들어오더라구요.
스케일링 안아프고 좋았어요, 처음해봐서 궁금한게많았는데 친절하게 답변해주셔서 감사했습니다!
마취주사도 안아프게 놔주시고, 최대한으로 치아 살릴 수있게 도와주시고 또 나중에 치아를 어떻게 관리하면 좋은지도 알려주셔서 좋았어요.
간호사분들도 데스크 분들도 친절해서 들어갔을때부터 나올때 까지 너무 좋았어요~~
앞으로도 잘 부탁드립니다~~^^",,,
183373,3644160,당일 예약하고 급하게 간거였는데 간호사 의사 모두 너무 친절하셔서 좋았어요~ 다음부턴 무조건 여기로 다닐것같아요!,5,1,,,2018.12.10,wlgu****,진료예약,메이트치과의원,기타,false,당일 예약하고 급하게 간거였는데 간호사 의사 모두 너무 친절하셔서 좋았어요~ 다음부턴 무조건 여기로 다닐것같아요!,,,
183373,3622605,"당일 예약하고 찾아갔는데, 친절하게 잘 진료해주셨어요.",5,1,,,2018.12.07,cyni****,진료예약,메이트치과의원,스켈링,false,"당일 예약하고 찾아갔는데, 친절하게 잘 진료해주셨어요.",,,
183373,3641126,교정은 아무래도 오랫동안 받아야 하다보니 이곳 저곳 많이 알아봤어요. 그러다 찾은 곳이 메이트치과인데 교정 일단 실장님이 예약하자마자 바로 연락이 오네요. 예약하고 응대가 이렇게 빠른 곳은 처음이네요... 그리고 치아 교정에 대해 교정 원장님께서 이해하기 쉽도록 정말 자세하게 설명해주시더군요. 게다가 혹시나 교정 원장님이 바뀔까봐 걱정되던데 페이닥터가 아닌 부부가 운영한다는 말에 신뢰가 갔습니다. 아직 진단과 설명만 받았지만 교정을 믿고 맡길 수 있겠다는 생각이 들었네요.,5,1,,,2018.12.07,redb****,진료예약,메이트치과의원,교정상담,false,교정은 아무래도 오랫동안 받아야 하다보니 이곳 저곳 많이 알아봤어요. 그러다 찾은 곳이 메이트치과인데 교정 일단 실장님이 예약하자마자 바로 연락이 오네요. 예약하고 응대가 이렇게 빠른 곳은 처음이네요... 그리고 치아 교정에 대해 교정 원장님께서 이해하기 쉽도록 정말 자세하게 설명해주시더군요. 게다가 혹시나 교정 원장님이 바뀔까봐 걱정되던데 페이닥터가 아닌 부부가 운영한다는 말에 신뢰가 갔습니다. 아직 진단과 설명만 받았지만 교정을 믿고 맡길 수 있겠다는 생각이 들었네요.,,,
183373,3600450,"오늘 아침부터 어금니쪽이 불편해서 사랑니임을 알고 이거슨 아픔이다를 직감한 뒤 무통마취가 가능한 치과로 오전 내내 수소문!
회사와 가까운 종각에 메이트치과 당첨!

퇴근 후 갔는데 깨끗하고 친절한 안내에 만족!
야간진료인데도 사람이 꽤 많더라구요~
마취도 안아팠고, 스케일링도 친절히 잘 해주시고,
설명도 꼼꼼히!
발치해주신 쌤 성함도 못 여쭤봤지만 너무 부드러운 목소리로 말씀하셔서 긴장도 스르르~

내일 아플지언정 친절함에 또 방문 의사 및 입소문 할렵니다! 제돈 내고 이 뽑고 온 후기였어요!",5,1,,,2018.12.04,gold****,진료예약,메이트치과의원,기타,false,"오늘 아침부터 어금니쪽이 불편해서 사랑니임을 알고 이거슨 아픔이다를 직감한 뒤 무통마취가 가능한 치과로 오전 내내 수소문!
회사와 가까운 종각에 메이트치과 당첨!

퇴근 후 갔는데 깨끗하고 친절한 안내에 만족!
야간진료인데도 사람이 꽤 많더라구요~
마취도 안아팠고, 스케일링도 친절히 잘 해주시고,
설명도 꼼꼼히!
발치해주신 쌤 성함도 못 여쭤봤지만 너무 부드러운 목소리로 말씀하셔서 긴장도 스르르~

내일 아플지언정 친절함에 또 방문 의사 및 입소문 할렵니다! 제돈 내고 이 뽑고 온 후기였어요!",,,
183373,3575616,친절하고 세심한 진료! 감사합니다!,5,1,,,2018.11.30,tmdd****,진료예약,메이트치과의원,기타,false,친절하고 세심한 진료! 감사합니다!,스켈링,,
183373,3571373,"우와. 저 살면서 리뷰 처음 남겨보는데, 진짜 계속 이용하고 싶은 치과를 만난것 같아서 이렇게 써요! 일 끝나고 치료를 받아야 해서 야간진료로 갔는데 선생님들 하나같이 다 친절하시구...ㅠ 

의사선생님 설명 완전 친절하게 해주셔서 너무 감사했어요. 어떤 치아는 어떻게 치료받아야 하는지, 어떤 치아는 앞으로 어떻게 관리해야하는지 다 설명해주시고! 목소리도 너무 좋으셔서 듣는내내 귀에 쏙쏙! 치료받을 때 치위생사님도 세심하게 지금 어떤 치료하고 있는지, 어떤 느낌으로 치료들어가는지 설명해주시고.. 사실 갑자기 기계들어와서 놀랄때 있잖아요? 그런거 다 설명해주심! 다들 친절하시구.. 재방문의사 120%! 뭣보다 설명을 너무 잘해주셔서 더 신뢰가 갔어요! 

다들 늦게까지 야간진료 하느라 고생하셨을텐데 감사해요!",5,1,,,2018.11.29,digh****,진료예약,메이트치과의원,기타,false,"우와. 저 살면서 리뷰 처음 남겨보는데, 진짜 계속 이용하고 싶은 치과를 만난것 같아서 이렇게 써요! 일 끝나고 치료를 받아야 해서 야간진료로 갔는데 선생님들 하나같이 다 친절하시구...ㅠ 

의사선생님 설명 완전 친절하게 해주셔서 너무 감사했어요. 어떤 치아는 어떻게 치료받아야 하는지, 어떤 치아는 앞으로 어떻게 관리해야하는지 다 설명해주시고! 목소리도 너무 좋으셔서 듣는내내 귀에 쏙쏙! 치료받을 때 치위생사님도 세심하게 지금 어떤 치료하고 있는지, 어떤 느낌으로 치료들어가는지 설명해주시고.. 사실 갑자기 기계들어와서 놀랄때 있잖아요? 그런거 다 설명해주심! 다들 친절하시구.. 재방문의사 120%! 뭣보다 설명을 너무 잘해주셔서 더 신뢰가 갔어요! 

다들 늦게까지 야간진료 하느라 고생하셨을텐데 감사해요!",,,
183373,3574264,"시간이 없어서 사랑니 발치를 계속 미루고 있었는데
다른 치과가니까 대학병원에 가야 뽑을 수 있다고 하더라구요 ㅠㅠ
근데 대학병원은 너무 오래기다려야해서 근처에 바로 사랑니발치 해줄 곳 없나 찾아봤는데
여기가 딱 있더라구요!
혹시나 또 안될까봐 일단 예약하고 가봤는데 엑스레이찍고 뽑을 수 있다고 하셔서 바로 뽑아달라했어요~
원장님께서 제 사랑니는 어떻게 생겼는지 사진보면서 자세하게 알려주시고
어떤 방식으로 발치하는지도 다 설명해주시더라구요!
아플까봐 걱정했는데 다행히 마취도 잘해주시고 안아프게 뽑아주셔서 좋았어요~
뽑고 난 후에도 당일에 어떤걸 하지말아야하는지 하나하나 알려주셔서 진짜 좋았어요!",5,1,,,2018.11.29,hear****,진료예약,메이트치과의원,사랑니발치,false,"시간이 없어서 사랑니 발치를 계속 미루고 있었는데
다른 치과가니까 대학병원에 가야 뽑을 수 있다고 하더라구요 ㅠㅠ
근데 대학병원은 너무 오래기다려야해서 근처에 바로 사랑니발치 해줄 곳 없나 찾아봤는데
여기가 딱 있더라구요!
혹시나 또 안될까봐 일단 예약하고 가봤는데 엑스레이찍고 뽑을 수 있다고 하셔서 바로 뽑아달라했어요~
원장님께서 제 사랑니는 어떻게 생겼는지 사진보면서 자세하게 알려주시고
어떤 방식으로 발치하는지도 다 설명해주시더라구요!
아플까봐 걱정했는데 다행히 마취도 잘해주시고 안아프게 뽑아주셔서 좋았어요~
뽑고 난 후에도 당일에 어떤걸 하지말아야하는지 하나하나 알려주셔서 진짜 좋았어요!",,,
183373,3563565,후기들이 다 친절하시댔는데 진짜진짜로 친절하셔요!! 제가 엄살이 심하고 극심한 쫄팅이라 온몸이 경련할 정도로 긴장하고 있었는데 안내도 친절하게 해주시고!! 특히 제가 스케일링을 소리랑 이시려운거때매 정말 받기싫어하는데 이 덜시렵게해주는 용액 주는곳은 처음이였어여...머금고있다가 하니 확실히 덜 시렸구여 제가 자꾸 겁먹으니까 살살 해주신다거 하시고 진짜 살살해주셨어요. 그리고 뭐든 다 설명해주시더라구요 물이예요~ 바람이예여~ 이런식으로ㅋㅋㅋㅋ처음으로 안울고 스케일링 했구요. 이빨 뽑는거두 제가 매복 사랑니라 오래 걸릴줄알았는데 체감상 5분? 걸린거같아요! 중간에 조금이라도 아픈거같다고하면 바로 마취 더 해주셨구요! 인생치과입니당ㅋㅋㅋ살면서 처음으로 안아프게 갔다온 치과인거같아요! 짱짱????,5,1,,,2018.11.28,wldk****,진료예약,메이트치과의원,사랑니발치,false,후기들이 다 친절하시댔는데 진짜진짜로 친절하셔요!! 제가 엄살이 심하고 극심한 쫄팅이라 온몸이 경련할 정도로 긴장하고 있었는데 안내도 친절하게 해주시고!! 특히 제가 스케일링을 소리랑 이시려운거때매 정말 받기싫어하는데 이 덜시렵게해주는 용액 주는곳은 처음이였어여...머금고있다가 하니 확실히 덜 시렸구여 제가 자꾸 겁먹으니까 살살 해주신다거 하시고 진짜 살살해주셨어요. 그리고 뭐든 다 설명해주시더라구요 물이예요~ 바람이예여~ 이런식으로ㅋㅋㅋㅋ처음으로 안울고 스케일링 했구요. 이빨 뽑는거두 제가 매복 사랑니라 오래 걸릴줄알았는데 체감상 5분? 걸린거같아요! 중간에 조금이라도 아픈거같다고하면 바로 마취 더 해주셨구요! 인생치과입니당ㅋㅋㅋ살면서 처음으로 안아프게 갔다온 치과인거같아요! 짱짱????,,,
183373,3575629,"까먹고 이제서야 남기네요 !! ㅎㅎ
오랫동안 밀려왔던 충치치료가 드디어 끝났습니다 ^^
선생님께서 치료 잘해주셨고 앞으로는 치아 관리 열심히할게요!!",5,1,,,2018.11.24,rame****,진료예약,메이트치과의원,,false,"까먹고 이제서야 남기네요 !! ㅎㅎ
오랫동안 밀려왔던 충치치료가 드디어 끝났습니다 ^^
선생님께서 치료 잘해주셨고 앞으로는 치아 관리 열심히할게요!!",,,
183373,3575618,"임플란트 합리적인가격에 잘한것같아요 ㅎㅎ

통증도 많이없었고 쌤들도 넘 친절하셨어요 ^^",5,1,,,2018.11.24,chlg****,진료예약,메이트치과의원,,false,"임플란트 합리적인가격에 잘한것같아요 ㅎㅎ

통증도 많이없었고 쌤들도 넘 친절하셨어요 ^^",,,
183373,3526296,집근처에 있어 방문하기도 편하고 직원분들도 전부 친절하셨어요 ^^,5,1,,,2018.11.22,rlax****,진료예약,메이트치과의원,충치치료,false,집근처에 있어 방문하기도 편하고 직원분들도 전부 친절하셨어요 ^^,,,
183373,3524253,"시간이 날때가 당일밖에 없어서 혹시나하고 예약해봤는데 정말 빠르게 처리해주시더라구요!
그래서 바로 치료 받으러 갔는데 들어갈때부터 진짜 친절하게 인사해주시고 어떻게 진료 받으면 되는지
세세하게 하나하나 알려주셔서 정말 감사했습니다~
항상 치과에 대한 공포 때문에 무서웠는데 ㅠㅠ 원장님께서 정말 편안하게 치료해주셔가지고
무섭지 않게 치료 잘 받고 왔습니다.^^",5,1,,,2018.11.22,qhqo****,진료예약,메이트치과의원,교정상담,false,"시간이 날때가 당일밖에 없어서 혹시나하고 예약해봤는데 정말 빠르게 처리해주시더라구요!
그래서 바로 치료 받으러 갔는데 들어갈때부터 진짜 친절하게 인사해주시고 어떻게 진료 받으면 되는지
세세하게 하나하나 알려주셔서 정말 감사했습니다~
항상 치과에 대한 공포 때문에 무서웠는데 ㅠㅠ 원장님께서 정말 편안하게 치료해주셔가지고
무섭지 않게 치료 잘 받고 왔습니다.^^",,,
183373,3509400,치아에 통증이 있어서 근 10년만에 치과에 방문을 하게 되었습니다. 원장님 굉장히 친절한 목소리로 세밀한 부분까지 신경써주시고 설명해주셨어요. 치위생사분들도 굉장히 친절하게 도와주셨습니다.,5,1,,,2018.11.20,voic****,진료예약,메이트치과의원,충치치료,false,치아에 통증이 있어서 근 10년만에 치과에 방문을 하게 되었습니다. 원장님 굉장히 친절한 목소리로 세밀한 부분까지 신경써주시고 설명해주셨어요. 치위생사분들도 굉장히 친절하게 도와주셨습니다.,,,
183373,3507392,교정진료 수많은 과정을 거치고 드디어 끝나는데 이빨교정이 진짜 이쁘게됐구 원장님 정말 친절하시구 잘설명해주시고 너무나 감사해용 다른선생님분들도 매우 착하시구 교정진료박는것두 하나두 안아프고 가만히 누워만있었네요 ㅎㅎ 이제 맛난거 먹을수있어서 좋네여!!,5,1,,,2018.11.21,donh****,진료예약,메이트치과의원,기타,false,교정진료 수많은 과정을 거치고 드디어 끝나는데 이빨교정이 진짜 이쁘게됐구 원장님 정말 친절하시구 잘설명해주시고 너무나 감사해용 다른선생님분들도 매우 착하시구 교정진료박는것두 하나두 안아프고 가만히 누워만있었네요 ㅎㅎ 이제 맛난거 먹을수있어서 좋네여!!,,,
183373,3471234,"교정상담이랑 스케일링받았어여~
교정상담은 원장님이 친절하게 잘 설명해주셔서 감동받았어용 ㅠㅠㅋ
스케일링도 처음해봤는데 안아프게 잘해주시고 치실사용법도 알려주셨어요~~감사합니다",4,1,,,2018.11.13,hans****,진료예약,메이트치과의원,교정상담,false,"교정상담이랑 스케일링받았어여~
교정상담은 원장님이 친절하게 잘 설명해주셔서 감동받았어용 ㅠㅠㅋ
스케일링도 처음해봤는데 안아프게 잘해주시고 치실사용법도 알려주셨어요~~감사합니다",스켈링,,
183373,3450947,동네치과에서 충치있다고 해서 왔는데 과잉진료도 없고 원장님도 친절하게 설명해주셔서 좋네요 사랑니발치도 마취잘해주셔서 통증없이 발치할수있었어요 감사합니다^^,5,1,,,2018.11.12,qhru****,진료예약,메이트치과의원,사랑니발치,false,동네치과에서 충치있다고 해서 왔는데 과잉진료도 없고 원장님도 친절하게 설명해주셔서 좋네요 사랑니발치도 마취잘해주셔서 통증없이 발치할수있었어요 감사합니다^^,충치치료,,
183373,3459158,"치과 오랜만이라 걱정했는데 
친절하게 상담해주시고 
사랑니 발치도 안아파서 좋았어요~ 
후기 남겨보는거 거의 첨인데 거기 선생님들이 넘 잘해주셔서 올려봅니다..",5,1,,,2018.11.12,qkrg****,진료예약,메이트치과의원,,false,"치과 오랜만이라 걱정했는데 
친절하게 상담해주시고 
사랑니 발치도 안아파서 좋았어요~ 
후기 남겨보는거 거의 첨인데 거기 선생님들이 넘 잘해주셔서 올려봅니다..",,,
183373,3438506,"출산하고 오랜만에 치과 방문해야해서 어디갈까 하다가 예전에 친절하게 잘 해주셔서 주말에 예약하고 멀리까지
갔어요. 

근데 스케일링이 5분만에 끝났고 깔끔하게 안되었더라고요... 당연히 주차 1시간은 될 줄 알았는데, 주차 10분당 1000원씩 유료였고요.. 

회사 근처라 이후에 자주 갈 수도 있을 것 같았는데 아쉽네요.",2,1,,,2018.11.10,gej0****,진료예약,메이트치과의원,스켈링,false,"출산하고 오랜만에 치과 방문해야해서 어디갈까 하다가 예전에 친절하게 잘 해주셔서 주말에 예약하고 멀리까지
갔어요. 

근데 스케일링이 5분만에 끝났고 깔끔하게 안되었더라고요... 당연히 주차 1시간은 될 줄 알았는데, 주차 10분당 1000원씩 유료였고요.. 

회사 근처라 이후에 자주 갈 수도 있을 것 같았는데 아쉽네요.",,,
183373,3436207,동네에서 대학병원가야된다고 했는데 너무 오래 기다려야되서 여기서 뽑았어요 생각보다 금방 뽑고 붓지도 않았네요~,5,1,,,2018.11.09,adad****,진료예약,메이트치과의원,스켈링,false,동네에서 대학병원가야된다고 했는데 너무 오래 기다려야되서 여기서 뽑았어요 생각보다 금방 뽑고 붓지도 않았네요~,,,
183373,3421357,"원장님 너무 친절하시고 치위생사분들도 너무 친절하시고 친절한 응대 너무 좋았어요~ 
무엇보다 꼼꼼하고 깔끔하게 치료된거같아 기분이 좋네요~  회사 근처라 가봤는데 앞으로 여기만 가야겠어요~ㅎㅎ 모두 두번가세요!!",5,1,,,2018.11.08,tmls****,진료예약,메이트치과의원,교정상담,false,"원장님 너무 친절하시고 치위생사분들도 너무 친절하시고 친절한 응대 너무 좋았어요~ 
무엇보다 꼼꼼하고 깔끔하게 치료된거같아 기분이 좋네요~  회사 근처라 가봤는데 앞으로 여기만 가야겠어요~ㅎㅎ 모두 두번가세요!!",스켈링,충치치료,
183373,3458128,친절히 잘 응대해주셨습니다.,5,1,,,2018.11.01,kbok****,진료예약,메이트치과의원,스켈링,false,친절히 잘 응대해주셨습니다.,,,
183373,3269689,친절하고 좋아요,5,1,,,2018.10.15,qhdu****,진료예약,메이트치과의원,사랑니발치,false,친절하고 좋아요,,,
183373,6762942,"일단 다녀본 치과중에 최고 입듯 합니다.

대부분 사람들이 치과 치료에 대해서 공포심을 갖고 있고 저역시도 많이 무서워했는데,
여기는 진짜로 안 아프게 잘해주시고, 치료 도중 아프다고 하면 즉시 조치를 해줍니다. 
이정도면 괜잖죠? 이런식으로 먼저 확인하고 진행해주셔서 편안하게 잘 치료 받은거 같습니다.(과잉치료 없음)

회사직원이나 친구 등 주위에 많이 홍보 하도록 하겠습니다~!! 감사합니다!",5,1,,,2019.09.09,hanj****,진료예약,메이트치과의원,,false,"일단 다녀본 치과중에 최고 입듯 합니다.

대부분 사람들이 치과 치료에 대해서 공포심을 갖고 있고 저역시도 많이 무서워했는데,
여기는 진짜로 안 아프게 잘해주시고, 치료 도중 아프다고 하면 즉시 조치를 해줍니다. 
이정도면 괜잖죠? 이런식으로 먼저 확인하고 진행해주셔서 편안하게 잘 치료 받은거 같습니다.(과잉치료 없음)

회사직원이나 친구 등 주위에 많이 홍보 하도록 하겠습니다~!! 감사합니다!",,,
183373,6756252,"의사 선생님 뿐만 아니라 모든 분들이 친절한 치과입니다. 가리개로 얼굴을 덮어 아무것도 볼 수 없는데, 과정 하나하나 설명을 해주십니다.

친절한데다 진료도 잘 해주십니다. 처음에는 직장과 가까워 가게 됐는데, 직장이 이전해 멀어진 후에도 다른 치과는 안 가고 메이트 치과만 갑니다.",5,1,,,2019.09.09,tank****,진료예약,메이트치과의원,스켈링,false,"의사 선생님 뿐만 아니라 모든 분들이 친절한 치과입니다. 가리개로 얼굴을 덮어 아무것도 볼 수 없는데, 과정 하나하나 설명을 해주십니다.

친절한데다 진료도 잘 해주십니다. 처음에는 직장과 가까워 가게 됐는데, 직장이 이전해 멀어진 후에도 다른 치과는 안 가고 메이트 치과만 갑니다.",,,
183373,6718190,친절하고 아프지도 않게 잘 치료해 주셔서 좋았어요~,5,1,,,2019.09.06,oran****,진료예약,메이트치과의원,충치치료,false,친절하고 아프지도 않게 잘 치료해 주셔서 좋았어요~,,,
183373,6668302,친절하고 디테일한 진료 감사합니다~,5,1,,,2019.09.02,gkff****,진료예약,메이트치과의원,,false,친절하고 디테일한 진료 감사합니다~,,,
183373,6666011,"첫 스케일링 때 너무 아프고 시리고 피도 거의 이틀을 봤었던지라 오랜만에 스케일링하러가기 겁났어요.  그래서 가글마취랑 최대한 안아프게 해달라고 요청드렸는데 잠깐잠깐 시린거 빼곤 정말 안 아팠습니다.

전체적인 검진과 제 유지장치 점검과 수리도 친절하게 잘 해주셔서 감사해요.
현재 진행해야하는 일정 마치는대로 시급한 인레이 예약하겠습니다ㅎㅎ

감사합니다!!",5,1,,,2019.09.02,hkha****,진료예약,메이트치과의원,,false,"첫 스케일링 때 너무 아프고 시리고 피도 거의 이틀을 봤었던지라 오랜만에 스케일링하러가기 겁났어요.  그래서 가글마취랑 최대한 안아프게 해달라고 요청드렸는데 잠깐잠깐 시린거 빼곤 정말 안 아팠습니다.

전체적인 검진과 제 유지장치 점검과 수리도 친절하게 잘 해주셔서 감사해요.
현재 진행해야하는 일정 마치는대로 시급한 인레이 예약하겠습니다ㅎㅎ

감사합니다!!",,,
183373,6611101,"스케일링이 이렇게 안 아픈 적 처음인 것 같아요. ^^
선생님들 모두 친절하시고 편안한 분위기여서 더 좋았습니다.
아말강도 교체해야 하는데 여기서 하려고 합니다~",5,1,,,2019.08.30,chav****,진료예약,메이트치과의원,스켈링,false,"스케일링이 이렇게 안 아픈 적 처음인 것 같아요. ^^
선생님들 모두 친절하시고 편안한 분위기여서 더 좋았습니다.
아말강도 교체해야 하는데 여기서 하려고 합니다~",,,
183373,6593645,"회사 주변이라서, 당일 검진, 당일 치료가 절실했는데, 둘 다 가능했고, 사랑니, 신경치료 등 다 안 아프게 잘 받았습니다 :)",5,1,,,2019.08.28,ange****,진료예약,메이트치과의원,,false,"회사 주변이라서, 당일 검진, 당일 치료가 절실했는데, 둘 다 가능했고, 사랑니, 신경치료 등 다 안 아프게 잘 받았습니다 :)",,,
183373,6585664,"당일 예약도 치료도 다 가능해서 너무 편리했어요.
의사 선생님 + 치위생사님이 너무 설명도 잘해주시고, 친절하게 응대해주셨어요.
강력 추천입니다!!!!!",5,1,,,2019.08.28,anni****,진료예약,메이트치과의원,충치치료,false,"당일 예약도 치료도 다 가능해서 너무 편리했어요.
의사 선생님 + 치위생사님이 너무 설명도 잘해주시고, 친절하게 응대해주셨어요.
강력 추천입니다!!!!!",,,
183373,6571682,너무 친절하시고 치료도 안 아프게 잘 해주십니다 ㅎㅎ,5,1,,,2019.08.27,yuno****,진료예약,메이트치과의원,기타,false,너무 친절하시고 치료도 안 아프게 잘 해주십니다 ㅎㅎ,,,
183373,6504699,다음에꼭 다시올치과에요. 퇴근하고 오기에위치도너무좋구요 스케일링할때 이렇게꼼꼼하게 해주는곳처음이에요 ㅠㅠ 의사선생님도그렇고 간호사분들 모두가 너무 친절하시고너무좋네요.. 이런좋은치과를 이제오다니.. 제인생치과네여 다음에또 꼭 방문할게요! ㅎㅎ,5,1,,,2019.08.23,16gk****,진료예약,메이트치과의원,기타,false,다음에꼭 다시올치과에요. 퇴근하고 오기에위치도너무좋구요 스케일링할때 이렇게꼼꼼하게 해주는곳처음이에요 ㅠㅠ 의사선생님도그렇고 간호사분들 모두가 너무 친절하시고너무좋네요.. 이런좋은치과를 이제오다니.. 제인생치과네여 다음에또 꼭 방문할게요! ㅎㅎ,스켈링,충치치료,
183373,6506706,"100000프로 만족하는 치과
친절이란 말도 부족할 만큼 최고",5,1,,,2019.08.23,91tw****,진료예약,메이트치과의원,스켈링,false,"100000프로 만족하는 치과
친절이란 말도 부족할 만큼 최고",,,
183373,6497333,"친절하게 설명해 주시고
치료도 늘 편안하게 해 주셔서 감사합니다",5,1,,,2019.08.23,stca****,진료예약,메이트치과의원,스켈링,false,"친절하게 설명해 주시고
치료도 늘 편안하게 해 주셔서 감사합니다",,,
183373,6564145,"친절하게 안내, 진료해주셔서 감사합니다^_^",5,1,,,2019.08.22,cby9****,진료예약,메이트치과의원,교정상담,false,"친절하게 안내, 진료해주셔서 감사합니다^_^",스켈링,,
183373,6458851,"1. 의사선생님, 간호사선생님, 상담선생님 모두 너무 친절함.
2. 치료과정에 대해 꼼꼼하게 설명해주심.
3. 엑스레이 사진뿐 아니라 직접 촬영한 실물사진을 보여줘서 현재 내 치아상태에 대한 정확한 인지가 가능함.
4. 치료 중에도 현재 어떤 치료가 되고 있는지 설명해 주셔서 아무것도 모르고 당하는 것?보다 긴장도가 줄어듦.
5. 그럼에도 불구하고 치과는 무섭고 소리도 무섭지만 이런 세세한 것들까지 선생님께서 헤아려주셔서 안심하게 됨.
6. 종로 회사원들에게 위치적으로 매우좋음.

상기 이유들로 인해 치과치료를 잘 시작하게 된 것 같습니다.
더 일찍 갔더라면 덜 고통스러웠겠지만...ㅋㅋ그래도 선생님께서 잘 치료해주신 덕분에 고통에서 벗어나게 되었습니다. 추후 진행되는 치료도 열심히 받겠습니다. 감사합니다!",5,1,,,2019.08.20,anto****,진료예약,메이트치과의원,,false,"1. 의사선생님, 간호사선생님, 상담선생님 모두 너무 친절함.
2. 치료과정에 대해 꼼꼼하게 설명해주심.
3. 엑스레이 사진뿐 아니라 직접 촬영한 실물사진을 보여줘서 현재 내 치아상태에 대한 정확한 인지가 가능함.
4. 치료 중에도 현재 어떤 치료가 되고 있는지 설명해 주셔서 아무것도 모르고 당하는 것?보다 긴장도가 줄어듦.
5. 그럼에도 불구하고 치과는 무섭고 소리도 무섭지만 이런 세세한 것들까지 선생님께서 헤아려주셔서 안심하게 됨.
6. 종로 회사원들에게 위치적으로 매우좋음.

상기 이유들로 인해 치과치료를 잘 시작하게 된 것 같습니다.
더 일찍 갔더라면 덜 고통스러웠겠지만...ㅋㅋ그래도 선생님께서 잘 치료해주신 덕분에 고통에서 벗어나게 되었습니다. 추후 진행되는 치료도 열심히 받겠습니다. 감사합니다!",,,
183373,6435922,"네이버 리뷰 처음 써보네요. 시설도 깨끗하고 치위생사님(ㅂㅎㅅ), 상담사님, 원장님 모두 정말 친절하십니다. 앞으로 치과 정착할듯합니다!",5,1,,,2019.08.19,swee****,진료예약,메이트치과의원,스켈링,false,"네이버 리뷰 처음 써보네요. 시설도 깨끗하고 치위생사님(ㅂㅎㅅ), 상담사님, 원장님 모두 정말 친절하십니다. 앞으로 치과 정착할듯합니다!",,,
183373,6435080,원장님과 스텝분들 다친절하시고 짱좋음!,5,1,,,2019.08.19,sonh****,진료예약,메이트치과의원,,false,원장님과 스텝분들 다친절하시고 짱좋음!,,,
183373,6351977,"시간이없어서 야간진료 알아보다가 가게되었는데요
무엇보다 친절하게 꼼꼼하게 다 설명해주시고 치료도 잘해주셔서 좋았습니다 다음주 예약때 갈게요~~",5,1,,,2019.08.14,jaeh****,진료예약,메이트치과의원,,false,"시간이없어서 야간진료 알아보다가 가게되었는데요
무엇보다 친절하게 꼼꼼하게 다 설명해주시고 치료도 잘해주셔서 좋았습니다 다음주 예약때 갈게요~~",,,
183373,6346633,"치위생사님이 친절하셨는데 상담해주시는 분도 친절하시고 결정적으로 의사선생님까지 무척 친절하신 완벽한 치과예요! 스케일링도 엄청 꼼꼼히 해주시고 이 치과 선택한 이유가 평이 너무 좋아서인데 리뷰를 쓰게만드는 친절함이었어요~ 
의사선생님도 하나도 안아프게 사랑니 뽑아주시고 과잉 진료도 안하세요
아무튼 다들 자상하셔서 감동인 치과입니다??",5,1,,,2019.08.14,rosi****,진료예약,메이트치과의원,사랑니발치,false,"치위생사님이 친절하셨는데 상담해주시는 분도 친절하시고 결정적으로 의사선생님까지 무척 친절하신 완벽한 치과예요! 스케일링도 엄청 꼼꼼히 해주시고 이 치과 선택한 이유가 평이 너무 좋아서인데 리뷰를 쓰게만드는 친절함이었어요~ 
의사선생님도 하나도 안아프게 사랑니 뽑아주시고 과잉 진료도 안하세요
아무튼 다들 자상하셔서 감동인 치과입니다??",스켈링,충치치료,
183373,6331748,"야간 진료하는 곳을 찾다가 주변에 몇 군데 있어서 어디로 갈까 고민하던 와중, 친절하다는 리뷰 때문에 고민없이 방문했고 정말 모두들 친절하셨고 설명 또한 자세하게 몇 차례 해 주셨어요. 과잉진료 없는 깨끗한 진료 받으러 재예약합니다 :-)",5,1,,,2019.08.12,uhne****,진료예약,메이트치과의원,충치치료,false,"야간 진료하는 곳을 찾다가 주변에 몇 군데 있어서 어디로 갈까 고민하던 와중, 친절하다는 리뷰 때문에 고민없이 방문했고 정말 모두들 친절하셨고 설명 또한 자세하게 몇 차례 해 주셨어요. 과잉진료 없는 깨끗한 진료 받으러 재예약합니다 :-)",,,
183373,6364090,스케일링 받았는데 정말 좋아요,5,1,,,2019.08.09,ssun****,진료예약,메이트치과의원,,false,스케일링 받았는데 정말 좋아요,,,
183373,6232571,"다들 너무 친절하고 
스케일링도 잘 하고 불평도 전여 없다
너무 좋아요 
감사합니다!  ㅋㅋㅋㅋ",5,1,,,2019.08.08,leon****,진료예약,메이트치과의원,기타,false,"다들 너무 친절하고 
스케일링도 잘 하고 불평도 전여 없다
너무 좋아요 
감사합니다!  ㅋㅋㅋㅋ",,,
183373,6222960,회사랑 가깝고 깔끔하게 치료잘해주셔서 좋아요~잔소리도 없으시고 일하는분들 모두 친절하세요 :),4,1,,,2019.08.07,star****,진료예약,메이트치과의원,,false,회사랑 가깝고 깔끔하게 치료잘해주셔서 좋아요~잔소리도 없으시고 일하는분들 모두 친절하세요 :),,,
183373,6252463,친절하게 잘 응대해주셔서 좋았습니다,5,1,,,2019.08.05,whas****,진료예약,메이트치과의원,,false,친절하게 잘 응대해주셔서 좋았습니다,,,
183373,6129598,다들 친절하시고 좋았어요!!!,5,1,,,2019.08.02,hak9****,진료예약,메이트치과의원,스켈링,false,다들 친절하시고 좋았어요!!!,,,
183373,6133968,너무 친절하시고 전 치료 과정을 자세히 설명해주셔서 감사했습니다,5,1,,,2019.08.02,zizi****,진료예약,메이트치과의원,기타,false,너무 친절하시고 전 치료 과정을 자세히 설명해주셔서 감사했습니다,,,
183373,6203060,"메이트치과 갈 때마다 너무 친절하구 잘 해줘요! 지난번에 사랑니 발치했을 때 통증 하나도 없어서 재방문 하고 이번에는 치과 진료 받았었는데, 진료 과정에서 사진 찍으시면서 과정 하나하나 설명해 주시고, 진료 전후 비교도 해 주셔서 만족스럽고 도움이 많이 됐어요. 첫 방문 한지가 몇 년 되었는데 아직 변함없이 서비스가 좋아서 추천합니다.",5,1,,,2019.08.01,ojjj****,진료예약,메이트치과의원,기타,false,"메이트치과 갈 때마다 너무 친절하구 잘 해줘요! 지난번에 사랑니 발치했을 때 통증 하나도 없어서 재방문 하고 이번에는 치과 진료 받았었는데, 진료 과정에서 사진 찍으시면서 과정 하나하나 설명해 주시고, 진료 전후 비교도 해 주셔서 만족스럽고 도움이 많이 됐어요. 첫 방문 한지가 몇 년 되었는데 아직 변함없이 서비스가 좋아서 추천합니다.",사랑니발치,스켈링,충치치료
183373,6085397,"갈때마다 친절하고 너무 좋아요
의사쌤도 잘 설명해주시고^_^",4,1,,,2019.07.31,jiyo****,진료예약,메이트치과의원,,false,"갈때마다 친절하고 너무 좋아요
의사쌤도 잘 설명해주시고^_^",,,
183373,5969689,"다들 친절하시고 꼼꼼하세요
늘 감사합니다",5,1,,,2019.07.24,lee6****,진료예약,메이트치과의원,충치치료,false,"다들 친절하시고 꼼꼼하세요
늘 감사합니다",,,
183373,5960769,처음 방문해봤는데 직원분들 다 친절하시고 교정상담이라 여러가지 치아촬영이나 치아본을 뜨는과정에서도 친절하게 불편하지않게 잘 해주셨어요 !,4,1,,,2019.07.23,foot****,진료예약,메이트치과의원,교정상담,false,처음 방문해봤는데 직원분들 다 친절하시고 교정상담이라 여러가지 치아촬영이나 치아본을 뜨는과정에서도 친절하게 불편하지않게 잘 해주셨어요 !,,,
183373,5950811,"친절하게 설명해주시고 꼼꼼하게 봐주셔서 감사합니다.
시린 부분이 있어서 마취크림 바른 후 마취주사 넣주셨는데
치료중 하나도 안아팠어요! 스케일링 전 가글마취 해서 
그것도 불편함 없이 했어요. 감사해요~~",5,1,,,2019.07.22,ohyo****,진료예약,메이트치과의원,,false,"친절하게 설명해주시고 꼼꼼하게 봐주셔서 감사합니다.
시린 부분이 있어서 마취크림 바른 후 마취주사 넣주셨는데
치료중 하나도 안아팠어요! 스케일링 전 가글마취 해서 
그것도 불편함 없이 했어요. 감사해요~~",,,
183373,5946850,"사랑니 뽑았는데 전에 대학병원에서 뽑았을때는 붓기도 엄청나고 통증이 심했는데 여기는 다르네요...!
붓기도 덜하고 수술후에 통증도 심하지않아서 다음날부터 바로 과자랑 떡도 문제없이 먹었어요!
선생님들도 다 너무 친절하시구 저는 이제 메이트치과만 다닐게예요ㅎㅎ 최고!!b",5,1,,,2019.07.19,hd14****,진료예약,메이트치과의원,사랑니발치,false,"사랑니 뽑았는데 전에 대학병원에서 뽑았을때는 붓기도 엄청나고 통증이 심했는데 여기는 다르네요...!
붓기도 덜하고 수술후에 통증도 심하지않아서 다음날부터 바로 과자랑 떡도 문제없이 먹었어요!
선생님들도 다 너무 친절하시구 저는 이제 메이트치과만 다닐게예요ㅎㅎ 최고!!b",,,
183373,5872891,예약 후 대기 없이 진료 잘 받았습니다.,5,1,,,2019.07.17,lion****,진료예약,메이트치과의원,,false,예약 후 대기 없이 진료 잘 받았습니다.,,,
183373,5861521,"아프지않게 잘 치료해주시고
견적까지 잘 짜주셔서 감사합니다",5,1,,,2019.07.16,fina****,진료예약,메이트치과의원,충치치료,false,"아프지않게 잘 치료해주시고
견적까지 잘 짜주셔서 감사합니다",,,
183373,5850031,굿굿굿굿굿,4,1,,,2019.07.15,eart****,진료예약,메이트치과의원,,false,굿굿굿굿굿,,,
183373,5852091,다른 병원에선 부셔서 빼야 한다 했는데 빠르게 한번에 사랑니 뽑아주셔서 한시름 놨어요 다음에 왼쪽 뺄 때 또 오려고여 감사합니다~~,5,1,,,2019.07.15,wlgp****,진료예약,메이트치과의원,,false,다른 병원에선 부셔서 빼야 한다 했는데 빠르게 한번에 사랑니 뽑아주셔서 한시름 놨어요 다음에 왼쪽 뺄 때 또 오려고여 감사합니다~~,,,
183373,5782678,"다들 친절하시고,진료도 깔끔합니다!",5,1,,,2019.07.10,hoto****,진료예약,메이트치과의원,,false,"다들 친절하시고,진료도 깔끔합니다!",,,
183373,5777028,"두번째인데 역시나 다들친절하시고
과잉진료없으시고 제치아 살리는 방향으로 해주셨어요
사랑니도 정말 잘빼주셨어요
감사합니다!
추천추천합니다!",5,1,,,2019.07.10,sumi****,진료예약,메이트치과의원,,false,"두번째인데 역시나 다들친절하시고
과잉진료없으시고 제치아 살리는 방향으로 해주셨어요
사랑니도 정말 잘빼주셨어요
감사합니다!
추천추천합니다!",,,
183373,5678629,정말 친절하시고 사랑니도 아프지 않게 잘 뽑았아요!! 붓지도 않았고 아프지도 않았고 해서 다행이에요 ㅎㅎㅎ 감사합니다!,5,1,,,2019.07.01,fjqb****,진료예약,메이트치과의원,,false,정말 친절하시고 사랑니도 아프지 않게 잘 뽑았아요!! 붓지도 않았고 아프지도 않았고 해서 다행이에요 ㅎㅎㅎ 감사합니다!,,,
183373,5603857,약간 민폐스럽게도 점심시간 직전에 사랑니 발치하러 갔는데 다들 너무 친절하게 응대해주셔서 감사했어요! 치과는 아무리 다녀도 너무 무서워서 늘 긴장하는데 안아프게 잘 진료해주셔서 다음엔 맘편하게 들를 수 있을 거 같아요~,5,1,,,2019.06.27,jiye****,진료예약,메이트치과의원,,false,약간 민폐스럽게도 점심시간 직전에 사랑니 발치하러 갔는데 다들 너무 친절하게 응대해주셔서 감사했어요! 치과는 아무리 다녀도 너무 무서워서 늘 긴장하는데 안아프게 잘 진료해주셔서 다음엔 맘편하게 들를 수 있을 거 같아요~,,,
183373,5588137,위치도 좋고 대기 시간 짧았습니다. 첫 방문이었는데 상담원분과 치위생사 분들이 특히 친절했습니다!,5,1,,,2019.06.25,yoon****,진료예약,메이트치과의원,교정상담,false,위치도 좋고 대기 시간 짧았습니다. 첫 방문이었는데 상담원분과 치위생사 분들이 특히 친절했습니다!,,,
183373,5582519,친절하게 해주셔서 감사합니다~~,4,1,,,2019.06.24,rhkc****,진료예약,메이트치과의원,,false,친절하게 해주셔서 감사합니다~~,,,
183373,5530766,친절하고 꼼꼼한 진료 항상 감사합니다! 매번 불안한 마음으로 방문해서 안심하고 가게 되네요!,5,1,,,2019.06.21,tmdd****,진료예약,메이트치과의원,,false,친절하고 꼼꼼한 진료 항상 감사합니다! 매번 불안한 마음으로 방문해서 안심하고 가게 되네요!,,,
183373,5545286,"친절해요~~
사랑니 뽑았는데, 사랑니를 잘 뽑아주신건지 아님 제가 그런 체질인지 ㅋㅋㅋ 1도 안아파요 ㅋㅋㅋㅋ
그냥 불편한정도라 사랑니 뺀 것도 까먹을정도!
간호사분도 의사분도 너무너무 친절해서 좋았어요~~",5,1,,,2019.06.17,1024****,진료예약,메이트치과의원,,false,"친절해요~~
사랑니 뽑았는데, 사랑니를 잘 뽑아주신건지 아님 제가 그런 체질인지 ㅋㅋㅋ 1도 안아파요 ㅋㅋㅋㅋ
그냥 불편한정도라 사랑니 뺀 것도 까먹을정도!
간호사분도 의사분도 너무너무 친절해서 좋았어요~~",,,
183373,5488459,"친절한 설명에 치료 중에도 전혀 불안함 없이 편안했습니다. 과잉진료 전혀 없었고 필요한 치료에 대해서 상세히 설명해주셔서 믿음이
갔어요. 감사합니다.",5,1,,,2019.06.17,jhse****,진료예약,메이트치과의원,,false,"친절한 설명에 치료 중에도 전혀 불안함 없이 편안했습니다. 과잉진료 전혀 없었고 필요한 치료에 대해서 상세히 설명해주셔서 믿음이
갔어요. 감사합니다.",,,
183373,5434884,발치 도중에 치아에 염증이 있어서 마취가 잘될까했는데 미세한 고통도 체크 해주시고 충치 치료에도 전혀 아픈거 없이 잘치료했습니디 그리고 너무 친절하셔서 기분좋게 돌아갑니다 감사합니다,5,1,,,2019.06.12,gukl****,진료예약,메이트치과의원,,false,발치 도중에 치아에 염증이 있어서 마취가 잘될까했는데 미세한 고통도 체크 해주시고 충치 치료에도 전혀 아픈거 없이 잘치료했습니디 그리고 너무 친절하셔서 기분좋게 돌아갑니다 감사합니다,,,
183373,5414547,충치가있어서 갔는데 치료언해도되구 지켜봐도 된다고흐면서 꼼꼼흐게 과잉진료없이 검진 잘 받았어요~~ ㅎㅎ 대신에 사랑니가 있어서 후딱 뽑고 오랜만에 스케일링도 받았는데 안아프고 시원하게 잘 받았습니다!! 감사합니다 ㅎㅎ~~~~,5,1,,,2019.06.11,hans****,진료예약,메이트치과의원,사랑니발치,false,충치가있어서 갔는데 치료언해도되구 지켜봐도 된다고흐면서 꼼꼼흐게 과잉진료없이 검진 잘 받았어요~~ ㅎㅎ 대신에 사랑니가 있어서 후딱 뽑고 오랜만에 스케일링도 받았는데 안아프고 시원하게 잘 받았습니다!! 감사합니다 ㅎㅎ~~~~,스켈링,충치치료,
183373,5409331,"점심먹고 양치할 시간이 없어서 바로 갔는데 양치할 수 있는 일회용 칫솔도 잘 구비되어 있고 전체적으로 시설이 깔끔했어요. 
임플란트 상담 받으러 갔는데 다른곳보다 설명도 자세히 해주시고  당일수술도 되서 바로 수술하고 왔는데 생각보다 금방끝나고 안아파서 괜히 걱정했던 것같아요.넘 감사합니다ㅠㅠ",5,1,,,2019.06.11,adad****,진료예약,메이트치과의원,스켈링,false,"점심먹고 양치할 시간이 없어서 바로 갔는데 양치할 수 있는 일회용 칫솔도 잘 구비되어 있고 전체적으로 시설이 깔끔했어요. 
임플란트 상담 받으러 갔는데 다른곳보다 설명도 자세히 해주시고  당일수술도 되서 바로 수술하고 왔는데 생각보다 금방끝나고 안아파서 괜히 걱정했던 것같아요.넘 감사합니다ㅠㅠ",,,
183373,5402126,"사랑니 발치하러 갔는데 의사선생님과 간호사님들 모두 친절하게 설명도 잘해주셨고, 아프지않게 해주셔서 너무 좋았습니다:)",5,1,,,2019.06.10,ekdn****,진료예약,메이트치과의원,사랑니발치,false,"사랑니 발치하러 갔는데 의사선생님과 간호사님들 모두 친절하게 설명도 잘해주셨고, 아프지않게 해주셔서 너무 좋았습니다:)",,,
183373,5401239,"사랑니 발치로 직장근처 치과 찾다가 방문했는데 당일에 가능하다고 하셔서 아프지 않게 잘 발치한 것 같습니다.
치과 내부도 깨끗하고 선생님들도 친절하십니다.
치료 전 치아상태나 비용도 상세하게 안내해 주셔서 환자가 결정하여 치료 진행할 수 있게 하는 분위기에요!",5,1,,,2019.06.10,ojun****,진료예약,메이트치과의원,사랑니발치,false,"사랑니 발치로 직장근처 치과 찾다가 방문했는데 당일에 가능하다고 하셔서 아프지 않게 잘 발치한 것 같습니다.
치과 내부도 깨끗하고 선생님들도 친절하십니다.
치료 전 치아상태나 비용도 상세하게 안내해 주셔서 환자가 결정하여 치료 진행할 수 있게 하는 분위기에요!",충치치료,,
183373,5401520,"윗니 사랑니 발치하러갓습니다.
치아도 올바르게 일자로 잇는 상태였는데 1시간반동안 시도하다가 발치를 실패하였습니다.. 직원분 , 원장님 친절하시긴하였지만 그와별개로
저는 너무고통스러웠네요.. 제가 특이케이스라고 하셧지만 x-ray.  CT 찍을때는 그런말씀 없으시다가 실패할때쯤 말씀하셧네요. 그저 잘안된다고..
저도 병원에서 일을하는사람이라 실패후 마지막 답변에대한 어떤의미 인지도알겟습니다..",1,1,,,2019.06.07,iouu****,진료예약,메이트치과의원,사랑니발치,false,"윗니 사랑니 발치하러갓습니다.
치아도 올바르게 일자로 잇는 상태였는데 1시간반동안 시도하다가 발치를 실패하였습니다.. 직원분 , 원장님 친절하시긴하였지만 그와별개로
저는 너무고통스러웠네요.. 제가 특이케이스라고 하셧지만 x-ray.  CT 찍을때는 그런말씀 없으시다가 실패할때쯤 말씀하셧네요. 그저 잘안된다고..
저도 병원에서 일을하는사람이라 실패후 마지막 답변에대한 어떤의미 인지도알겟습니다..",,,
183373,5345594,정말친절히 설명을해주셔서 좋았어요!,5,1,,,2019.06.07,wise****,진료예약,메이트치과의원,스켈링,충치치료,false,정말친절히 설명을해주셔서 좋았어요!,,
183373,5316139,"넘 친절하고 깨끗하게 해주셨어요. 가격면에서니 위치도 좋고, 선생님이 시술전에 꼼꼼히 설명해주셔서 안심하고 치료 받았네요.",5,1,,,2019.06.04,chun****,진료예약,메이트치과의원,스켈링,충치치료,false,"넘 친절하고 깨끗하게 해주셨어요. 가격면에서니 위치도 좋고, 선생님이 시술전에 꼼꼼히 설명해주셔서 안심하고 치료 받았네요.",,
183373,5271997,친절하시고 과잉진료 없이 깔끔하게 진료와 치료 봐주셨어요 bb 치과 옮겨 다닐 일 없이 정착 할 수 있을 것 같네요!,5,1,,,2019.05.29,poin****,진료예약,메이트치과의원,충치치료,,false,친절하시고 과잉진료 없이 깔끔하게 진료와 치료 봐주셨어요 bb 치과 옮겨 다닐 일 없이 정착 할 수 있을 것 같네요!,,
183373,5172742,다들 너무 친절하셔서 좋았어요 :),5,1,,,2019.05.24,als1****,진료예약,메이트치과의원,기타,,false,다들 너무 친절하셔서 좋았어요 :),,
183373,5161382,과잉진료 안하시고 정말 친절하셨어요! 스케일링 하는데 잇몸에 피가 안나고 안아팠던적은 거의 처음인것 같네요ㅎㅎ 치과는 여기로 정착해야겠어요!,5,1,,,2019.05.22,mewz****,진료예약,메이트치과의원,스켈링,,false,과잉진료 안하시고 정말 친절하셨어요! 스케일링 하는데 잇몸에 피가 안나고 안아팠던적은 거의 처음인것 같네요ㅎㅎ 치과는 여기로 정착해야겠어요!,,
183373,5154247,의사님 설명 잘해주시고요 최대한 치아 살리려고 노력해주셔서 감사합니다. 회사 바로 옆이라 치통 있으면 여기로 무조건 올거에요 ^^,5,1,,,2019.05.22,sang****,진료예약,메이트치과의원,임플란트상담,,false,의사님 설명 잘해주시고요 최대한 치아 살리려고 노력해주셔서 감사합니다. 회사 바로 옆이라 치통 있으면 여기로 무조건 올거에요 ^^,,
183373,5139524,"의사선생님께서 엄청 꼼꼼히 봐주셔서 만족합니다.
과잉진료 하지 않으시고 치료할 치아 전 후 사진까지 보여주셔서 믿음이 더 가요~",5,1,,,2019.05.20,lee6****,진료예약,메이트치과의원,충치치료,,false,"의사선생님께서 엄청 꼼꼼히 봐주셔서 만족합니다.
과잉진료 하지 않으시고 치료할 치아 전 후 사진까지 보여주셔서 믿음이 더 가요~",,
183373,5086064,"엄~~~~ 청 친절하시고 분위기 좋아요!
직원분들 전부 다 친절하셔욤 ㅎ 원장님도 굳굳
체고~~~ 종각역 치과중에 체고체고??",5,1,,,2019.05.16,vheh****,진료예약,메이트치과의원,,,false,"엄~~~~ 청 친절하시고 분위기 좋아요!
직원분들 전부 다 친절하셔욤 ㅎ 원장님도 굳굳
체고~~~ 종각역 치과중에 체고체고??",,
183373,5077880,스켈링 하러갔는데 전반적인 치아상태도 봐주시고 시리지않게 꼼꼼히 해주셨어요. 회사 근처라 앞으로 종종 다니게 될 것 같아요 감사합니다,5,1,,,2019.05.15,ansr****,진료예약,메이트치과의원,스켈링,,false,스켈링 하러갔는데 전반적인 치아상태도 봐주시고 시리지않게 꼼꼼히 해주셨어요. 회사 근처라 앞으로 종종 다니게 될 것 같아요 감사합니다,,
183373,4916048,"스켈링 아주 꼼꼼하게 친절하게 잘해주세요~
믿을수 있을것 같아서 어금니 크라운도 예약하고 왔네요~~^^",5,1,,,2019.05.03,odon****,진료예약,메이트치과의원,스켈링,,false,"스켈링 아주 꼼꼼하게 친절하게 잘해주세요~
믿을수 있을것 같아서 어금니 크라운도 예약하고 왔네요~~^^",,
183373,5018175,전체적인 서비스에 만족합니다,4,1,,,2019.05.03,jhhh****,진료예약,메이트치과의원,스켈링,false,전체적인 서비스에 만족합니다,,,
183373,4920916,"치과 무서워서 정말 싫어하는데 선생님들이 너무 친절해요!
마취주사가 이렇게 안아픈데 처음 와본 것같아요ㅋㅋ
물나오면 물나온다, 바람이면 바람이다 거주 물어준다, 솜 넣는다 등등 사랑니빼고, 레진 씌우고, 스켈링하고 대공사하는 내내 세상 친절하셨습니다!!
단골치과로 탕탕!!",5,1,,,2019.05.02,whgu****,진료예약,메이트치과의원,,false,"치과 무서워서 정말 싫어하는데 선생님들이 너무 친절해요!
마취주사가 이렇게 안아픈데 처음 와본 것같아요ㅋㅋ
물나오면 물나온다, 바람이면 바람이다 거주 물어준다, 솜 넣는다 등등 사랑니빼고, 레진 씌우고, 스켈링하고 대공사하는 내내 세상 친절하셨습니다!!
단골치과로 탕탕!!",,,
183373,4819203,커피가 좋습니다,5,1,,,2019.04.24,kyou****,진료예약,메이트치과의원,기타,false,커피가 좋습니다,,,
183373,4735197,친절하시고 안아파요....!!!!,5,1,,,2019.04.15,gjtn****,진료예약,메이트치과의원,,false,친절하시고 안아파요....!!!!,,,
183373,4734987,친절하고 깨끗하고 세심하셔요ㅎㅎ 아래 사랑니 발치하는데 마취주사가 이렇게 안아픈건 처음인 것 같아요. 감사합니다~!,5,1,,,2019.04.15,amel****,진료예약,메이트치과의원,스켈링,false,친절하고 깨끗하고 세심하셔요ㅎㅎ 아래 사랑니 발치하는데 마취주사가 이렇게 안아픈건 처음인 것 같아요. 감사합니다~!,,,
183373,4696744,"점심시간 이용해서 방문 
시설 깔끔 장비 우수
선생님 설명 상세함 
스케일링 적절하심
과잉진료 없어보이며 만족스럽네요",5,1,,,2019.04.12,lani****,진료예약,메이트치과의원,스켈링,false,"점심시간 이용해서 방문 
시설 깔끔 장비 우수
선생님 설명 상세함 
스케일링 적절하심
과잉진료 없어보이며 만족스럽네요",충치치료,,
183373,4702620,전에 다니던 치과 너무 아프게하고 불친절해서 여기로 옮겼는데 정말 안아프게도 할 수 있고 치과에서 이렇게 친절하다는 걸 느끼게 되었습니다 ㅠㅠㅠ,5,1,,https://naverbooking-phinf.pstatic.net/20190413_289/1555098178605wjvz0_JPEG/image.jpg,2019.04.11,tjq2****,진료예약,메이트치과의원,,false,전에 다니던 치과 너무 아프게하고 불친절해서 여기로 옮겼는데 정말 안아프게도 할 수 있고 치과에서 이렇게 친절하다는 걸 느끼게 되었습니다 ㅠㅠㅠ,,https://naverbooking-phinf.pstatic.net/20190413_29/1555098178784E6m9E_JPEG/image.jpg,
183373,4684008,"원장선생님 너무너무 친절하게 설명 해주시고 다른 병원에서 신경치료해야된다했는대 최대한 안하게 해주시고ㅠㅠㅠ 신경치료할까봐 너무 무서웠는데 안심耭楮,,, 치료도 하나도 안아팠구요!!!! 마취도 별로 안아프게 잘해주시구 무엇보다 상담실장님이 너무너무 친절하게 하나하나 다 설명해주시고 이런저런 상담 다 친절하게 해주셨어요ㅠㅠ 치과갈일없었으면 좋겠지만 가야한다면 이치과로 무조건 !!! 귀여운 칫솔도 주셨어용??????????",5,1,,https://naverbooking-phinf.pstatic.net/20190410_127/1554886468883qMFVI_JPEG/image.jpg,2019.04.10,qkdw****,진료예약,메이트치과의원,충치치료,false,"원장선생님 너무너무 친절하게 설명 해주시고 다른 병원에서 신경치료해야된다했는대 최대한 안하게 해주시고ㅠㅠㅠ 신경치료할까봐 너무 무서웠는데 안심耭楮,,, 치료도 하나도 안아팠구요!!!! 마취도 별로 안아프게 잘해주시구 무엇보다 상담실장님이 너무너무 친절하게 하나하나 다 설명해주시고 이런저런 상담 다 친절하게 해주셨어요ㅠㅠ 치과갈일없었으면 좋겠지만 가야한다면 이치과로 무조건 !!! 귀여운 칫솔도 주셨어용??????????",,,
183373,4666621,"교정 상담부터, 교정장치 탈착 후 현재 유지기간까지 쭉 친절하고, 꼼꼼하신 황인자 교정 원장님 덕분에 이쁜 치아를 얻어 매우 기쁩니다 고맙습니다^^",5,1,,,2019.04.08,tjwh****,진료예약,메이트치과의원,기타,false,"교정 상담부터, 교정장치 탈착 후 현재 유지기간까지 쭉 친절하고, 꼼꼼하신 황인자 교정 원장님 덕분에 이쁜 치아를 얻어 매우 기쁩니다 고맙습니다^^",,,
183373,4675332,깨끗하고 친절하고 시설도좋았어요,5,1,,,2019.04.08,chor****,진료예약,메이트치과의원,스켈링,false,깨끗하고 친절하고 시설도좋았어요,,,
183373,4658307,"사랑니 발치했습니다! 평소에 자주 놀라고 당황해서 개복치 같다는 소리를 많이 듣는데, 치료 과정 하나하나 다 섬세하게 설명하고 배려해주셔서 편하게 이 뽑았어요! 시설이 깔끔했던 것도 인상깊었습니다.",5,1,,,2019.04.05,suny****,진료예약,메이트치과의원,,false,"사랑니 발치했습니다! 평소에 자주 놀라고 당황해서 개복치 같다는 소리를 많이 듣는데, 치료 과정 하나하나 다 섬세하게 설명하고 배려해주셔서 편하게 이 뽑았어요! 시설이 깔끔했던 것도 인상깊었습니다.",,,
183373,4628140,"간호사님들 뿐만 아니라 의사선생님도 친절하시고, 꼼꼼하게 봐주시고, 사랑니발치 하나에도 정성들여 진료해주시는게 느껴졌어요~~ 남은 사랑니도 꼭 여기서 발치할거에요! 감사합니다^^",5,1,,,2019.04.04,sooy****,진료예약,메이트치과의원,사랑니발치,false,"간호사님들 뿐만 아니라 의사선생님도 친절하시고, 꼼꼼하게 봐주시고, 사랑니발치 하나에도 정성들여 진료해주시는게 느껴졌어요~~ 남은 사랑니도 꼭 여기서 발치할거에요! 감사합니다^^",,,
183373,4621088,"하나하나 순서 알려주시고 설명해주시고
모두 친절하게 잘 해주셔서 편안하게 진료받고왔어요~!",5,1,,,2019.04.03,gktm****,진료예약,메이트치과의원,스켈링,false,"하나하나 순서 알려주시고 설명해주시고
모두 친절하게 잘 해주셔서 편안하게 진료받고왔어요~!",,,
183373,4622517,만곡 사랑니였는데도 정말 톡 하고 순식간에 뽑아주심! 뽑을때 하나도 안아팠어요~ 그리고 다들 친절하세요~ 다만 사람이 많아 좀 기다려야해서 아쉬워요,4,1,,,2019.04.03,faya****,진료예약,메이트치과의원,사랑니발치,false,만곡 사랑니였는데도 정말 톡 하고 순식간에 뽑아주심! 뽑을때 하나도 안아팠어요~ 그리고 다들 친절하세요~ 다만 사람이 많아 좀 기다려야해서 아쉬워요,,,
183373,4620544,"너무 호평일색이라 광고를 의심했지만.. 그래도 주변 병원들 중에 제일 가고싶어서 예약하고 갔습니다. 
결론은 만족입니다! 선생님들 모두 친절하셔서 미뤄뒀던 크라운 치료도 할 예정입니다
다만 대기시간이 퇴근시간이라 그런지 좀 길었어요 ㅠㅠ 5시 반에 예약하고 10분 늦게 도착했는데 거의 3,40분을 대기탔네용 ㅋㅋ 하지만 그런 점도 감수할만큼 괜찮은 곳이었습니다:)",5,1,,,2019.04.03,jure****,진료예약,메이트치과의원,기타,false,"너무 호평일색이라 광고를 의심했지만.. 그래도 주변 병원들 중에 제일 가고싶어서 예약하고 갔습니다. 
결론은 만족입니다! 선생님들 모두 친절하셔서 미뤄뒀던 크라운 치료도 할 예정입니다
다만 대기시간이 퇴근시간이라 그런지 좀 길었어요 ㅠㅠ 5시 반에 예약하고 10분 늦게 도착했는데 거의 3,40분을 대기탔네용 ㅋㅋ 하지만 그런 점도 감수할만큼 괜찮은 곳이었습니다:)",,,
183373,4600888,"지인분께 추천받아 처음방문 후 사랑니는 이곳으로만 가기로 생각했습니다.
과잉진료는 없는거같고 모든분이 친절하십니다. 
네이버 예약 후 전화로 안내까지 해주시고, 발치도 빠르게 해주셨어요. 다음번 발치때도 방문 예정입니다",5,1,,,2019.04.01,wogh****,진료예약,메이트치과의원,사랑니발치,false,"지인분께 추천받아 처음방문 후 사랑니는 이곳으로만 가기로 생각했습니다.
과잉진료는 없는거같고 모든분이 친절하십니다. 
네이버 예약 후 전화로 안내까지 해주시고, 발치도 빠르게 해주셨어요. 다음번 발치때도 방문 예정입니다",,,
183373,4570331,충치치료하는게 두려워서 치료를 미뤄왔는데 친절하게 상담해주시고 치료할때도 어떤 과정하고 있다고 말씀해주셔서  무섭지않았습니다 덕분에 치과에 대한 두려움이 없어진 것 같아요! 감사합니다^^*,5,1,,,2019.03.29,vos2****,진료예약,메이트치과의원,충치치료,false,충치치료하는게 두려워서 치료를 미뤄왔는데 친절하게 상담해주시고 치료할때도 어떤 과정하고 있다고 말씀해주셔서  무섭지않았습니다 덕분에 치과에 대한 두려움이 없어진 것 같아요! 감사합니다^^*,,,
183373,4543509,깜빡 졸아버릴정도로 편하게 진료받았습니다 ㅋㅋ,5,1,,,2019.03.25,tbj9****,진료예약,메이트치과의원,스켈링,false,깜빡 졸아버릴정도로 편하게 진료받았습니다 ㅋㅋ,충치치료,,
183373,4540923,아주 좋고 친절하세요~,5,1,,,2019.03.25,yski****,진료예약,메이트치과의원,사랑니발치,false,아주 좋고 친절하세요~,,,
183373,4494680,좋은 치과 인정! 스케일링 편안하게 받았습니다.,5,1,,,2019.03.20,pay3****,진료예약,메이트치과의원,,false,좋은 치과 인정! 스케일링 편안하게 받았습니다.,,,
183373,7177086,"집이 인천이지만 워낙 치료도 안아프게 꼼꼼하게 잘해주셔서 항상 여기로 옵니다!! 
예전에 사랑니 발치 했을때도 붓지도 않고 진료를 잘해주셔서 다들 어디서 치료 받았냐고 많이 물어봤어요 요번에도 치과 검진 받으러 왔는데 분의기도 너무 편안하고 아프지 않게 잘 진료받았습니다~!!",5,1,,2019.10.11,wjj9****,진료예약,메이트치과의원,기타,스켈링,false,"집이 인천이지만 워낙 치료도 안아프게 꼼꼼하게 잘해주셔서 항상 여기로 옵니다!! 
예전에 사랑니 발치 했을때도 붓지도 않고 진료를 잘해주셔서 다들 어디서 치료 받았냐고 많이 물어봤어요 요번에도 치과 검진 받으러 왔는데 분의기도 너무 편안하고 아프지 않게 잘 진료받았습니다~!!",,,
183373,7167651,"치료시간이 오래걸려서(치아상태가 워낙 안좋아서요) 힘들었던것 빼고는 치료도 아프지 않게 잘해주시고, 제가 겁도 많아서 치과치료 엄청 무서워했는데, 차근차근 설명해주시면서 치료해주셔서 좋았습니다",5,1,,2019.10.10,eund****,진료예약,메이트치과의원,,,false,"치료시간이 오래걸려서(치아상태가 워낙 안좋아서요) 힘들었던것 빼고는 치료도 아프지 않게 잘해주시고, 제가 겁도 많아서 치과치료 엄청 무서워했는데, 차근차근 설명해주시면서 치료해주셔서 좋았습니다",,,
183373,7127503,"너무x9999 친절하세요 의사쌤도 언니들도 너무너무 친절하고 뭐하면 뭐한다 아프면 참지말고 얘기해달라고 해주시고 과잉진료 때문에 치과 가기가 걱정 됐는데 그런것 하나도 없고 말씀도 너무 나긋하게 해주셔서 되게 안심하면서 진료 받을 수 있었어요 몇년만에 가는 치과라 정말 무서웠는데 스케일링도 꼼꼼하게 해주시고 정말 정말 기분 좋게 진료 받고 나왔습니다!
감사합니당 !",5,1,,2019.10.07,firs****,진료예약,메이트치과의원,,,false,"너무x9999 친절하세요 의사쌤도 언니들도 너무너무 친절하고 뭐하면 뭐한다 아프면 참지말고 얘기해달라고 해주시고 과잉진료 때문에 치과 가기가 걱정 됐는데 그런것 하나도 없고 말씀도 너무 나긋하게 해주셔서 되게 안심하면서 진료 받을 수 있었어요 몇년만에 가는 치과라 정말 무서웠는데 스케일링도 꼼꼼하게 해주시고 정말 정말 기분 좋게 진료 받고 나왔습니다!
감사합니당 !",2019.10.11 09:54:15,,
183373,7126189,너무 친절합니다.,5,1,,2019.10.07,9870****,진료예약,메이트치과의원,,,false,너무 친절합니다.,2019.10.11 09:47:13,,
183373,6975758,사랑니 아프지않게 잘뽑아주시고  친절하게 설명도 잘해주셔서 좋았어요 ~! 감사합니다^^,5,1,,2019.09.27,soss****,진료예약,메이트치과의원,사랑니발치,,false,사랑니 아프지않게 잘뽑아주시고  친절하게 설명도 잘해주셔서 좋았어요 ~! 감사합니다^^,2019.09.28 13:38:24,,
183373,6960605,너무 친절하고 아프면 바로바로 조치를 취해주셔서 좋았습니다! 추천해요 :Dn,5,1,,2019.09.26,jyj6****,진료예약,메이트치과의원,,,false,너무 친절하고 아프면 바로바로 조치를 취해주셔서 좋았습니다! 추천해요 :Dn,2019.09.27 14:51:41,,
183373,6954765,"2년만에 다시 간 치과  역시 짱!!! 
   늦은시간에 갔는데도  정말 모두 친절해셨어요!!!!!   담에 사랑니도 뽑으러 갈게요!!",5,1,,2019.09.25,tlrd****,진료예약,메이트치과의원,,,false,"2년만에 다시 간 치과  역시 짱!!! 
   늦은시간에 갔는데도  정말 모두 친절해셨어요!!!!!   담에 사랑니도 뽑으러 갈게요!!",2019.09.27 12:34:31,,
183373,6952403,"의사쌤 치위생사쌤 무지 친절하심 말투 조근조근 소아치과 온 기분 아플것 같으면 바로바로 아플수 있다고 말씀해주시고 근데 또 막상 아프지도 않음 사랑니도 1초만에 빼는지도 모르게 뺌 궁금한 부분 여쭈면 설명도 엄청 세심하게 해주심 다만 야간진료는 환자들이 꽤 있어서 상당히 오랜 시간 방치당하고 추가마취 할 수 있습니다 자리에 꼭 폰을 가져오소서,,, 그거 빼면 백점~",5,1,,2019.09.25,peac****,진료예약,메이트치과의원,,,false,"의사쌤 치위생사쌤 무지 친절하심 말투 조근조근 소아치과 온 기분 아플것 같으면 바로바로 아플수 있다고 말씀해주시고 근데 또 막상 아프지도 않음 사랑니도 1초만에 빼는지도 모르게 뺌 궁금한 부분 여쭈면 설명도 엄청 세심하게 해주심 다만 야간진료는 환자들이 꽤 있어서 상당히 오랜 시간 방치당하고 추가마취 할 수 있습니다 자리에 꼭 폰을 가져오소서,,, 그거 빼면 백점~",2019.09.27 11:29:30,,
183373,6951620,친절히 잘 봐주셔서 감사합니다.,5,1,,2019.09.25,arei****,진료예약,메이트치과의원,,,false,친절히 잘 봐주셔서 감사합니다.,2019.09.27 11:22:10,,
183373,6940244,"난생 처음으로 아프지 않은 치과치료 받았습니다
감사합니다",5,1,,2019.09.23,ohsu****,진료예약,메이트치과의원,,,false,"난생 처음으로 아프지 않은 치과치료 받았습니다
감사합니다",2019.09.25 10:12:33,,
