bookingBusinessId,reviewId,reviewBody,score,isImp,replyBody,resourceUrlList/0,completedDate,id,bookingItemName,bookingBusinessName,optionNameList,body/0/isHighlight,body/0/text,replyRegDate,resourceUrlList/1
198672,7732887,과잉진료 없어서 너무 좋네여~원장님이 실력도 좋으시고 딱 필요한 부분만 캐치해서 진료를 참 잘하시는거 같아여~ 앞으로 꾸준히 다닐듯해여 ㅎㅎ,5,1,,,2019.11.19,748r****,충치치료,바닐라치과의원,,false,과잉진료 없어서 너무 좋네여~원장님이 실력도 좋으시고 딱 필요한 부분만 캐치해서 진료를 참 잘하시는거 같아여~ 앞으로 꾸준히 다닐듯해여 ㅎㅎ,,
198672,7723560,치아 미백 처음받아보는거라 걱정했는데 크게 불편하지않게 잘 받았어요~ 나중에 또 방문하려구요,5,1,,,2019.11.18,sh12****,치아미백,바닐라치과의원,,false,치아 미백 처음받아보는거라 걱정했는데 크게 불편하지않게 잘 받았어요~ 나중에 또 방문하려구요,,
198672,7699179,"접수, 수납해주신 직원분 친절하시고 스켈링 해 주신 선생님 특히 친절하게 잘 해주셔서 편하게 스켈링 받았습니다. 또 가글마취 하고 스켈링 받으니 확실히 불편감이 많이 줄어들더군요. 원장님은 잠깐 검진만 해주셨지만 마찬가지로 친절하셨습니다. 다만, 접수하는 곳과 진료하는 곳이 다른층에 있는데, 접수하는 곳이 너무 휑해서 치과의 얼굴이자 첫 인상인 공간 치고는 좀 부족하지 않나 생각했습니다. 음악도 좀 있고 덜 적막하고 사람도 좀 있고 하면 좋을텐데, 건물 입구부터 어두워서 어, 잘못왔나?하면서 들어갔는데 처음 마주한 접수층도 적막에 휩싸여 있으니, 순간 병원 잘 못 선택했나? 하는 느낌이 들었습니다. 이런부분이 작지만 참 중요한데 좀 아쉬운 마음에 적어봅니다.",4,1,,https://naverbooking-phinf.pstatic.net/20191117_101/1573992091672Itpay_JPEG/image.jpg,2019.11.16,hang****,스케일링,바닐라치과의원,,false,"접수, 수납해주신 직원분 친절하시고 스켈링 해 주신 선생님 특히 친절하게 잘 해주셔서 편하게 스켈링 받았습니다. 또 가글마취 하고 스켈링 받으니 확실히 불편감이 많이 줄어들더군요. 원장님은 잠깐 검진만 해주셨지만 마찬가지로 친절하셨습니다. 다만, 접수하는 곳과 진료하는 곳이 다른층에 있는데, 접수하는 곳이 너무 휑해서 치과의 얼굴이자 첫 인상인 공간 치고는 좀 부족하지 않나 생각했습니다. 음악도 좀 있고 덜 적막하고 사람도 좀 있고 하면 좋을텐데, 건물 입구부터 어두워서 어, 잘못왔나?하면서 들어갔는데 처음 마주한 접수층도 적막에 휩싸여 있으니, 순간 병원 잘 못 선택했나? 하는 느낌이 들었습니다. 이런부분이 작지만 참 중요한데 좀 아쉬운 마음에 적어봅니다.",,
198672,7710892,갈때마다 꼼꼼하게 체크해주시고 관리 해주셔서 만족해요! 원장님과 직원분들도 친절하시고 치아교정도 잘 진행 되고 있어요^^,5,1,,,2019.11.15,l851****,치아교정,바닐라치과의원,,false,갈때마다 꼼꼼하게 체크해주시고 관리 해주셔서 만족해요! 원장님과 직원분들도 친절하시고 치아교정도 잘 진행 되고 있어요^^,,
198672,7618054,지금까지다녀본 치과중에 진짜 제일안아프고 제일 친절하세요.,5,1,,,2019.11.11,hjw1****,구강검진,바닐라치과의원,,false,지금까지다녀본 치과중에 진짜 제일안아프고 제일 친절하세요.,,
198672,7605570,치아 색이 맘에들지 않아서 웃는게 항상 신경쓰였었는데 미백 받고 나서 자신감도 생기고 활짝 웃게 되서 너무 좋네요^^ 원장님이랑 직원분들도 모두 친절하시고 상냥하셔서 대만족이에요!!!,5,1,,,2019.11.09,kfe7****,치아미백,바닐라치과의원,,false,치아 색이 맘에들지 않아서 웃는게 항상 신경쓰였었는데 미백 받고 나서 자신감도 생기고 활짝 웃게 되서 너무 좋네요^^ 원장님이랑 직원분들도 모두 친절하시고 상냥하셔서 대만족이에요!!!,,
198672,7571429,스케일링했는데 친절하게 해주셔서 좋았습니다 :),4,1,,,2019.11.09,je11****,스케일링,바닐라치과의원,,false,스케일링했는데 친절하게 해주셔서 좋았습니다 :),,
198672,7557502,어떤걸 진행 할건지 말씀해주시면서 꼼꼼하게 스케일링 해주셔서 편하게 받고 왔네여~ 시원하게 잘해주시더라구여~,5,1,,,2019.11.07,rea6****,스케일링,바닐라치과의원,,false,어떤걸 진행 할건지 말씀해주시면서 꼼꼼하게 스케일링 해주셔서 편하게 받고 왔네여~ 시원하게 잘해주시더라구여~,,
198672,7636000,"알아본 곳들중에 가장 상세하게 설명해주시고 꼭 필요한 부분만 권유해주셔서 좋았어요.
과잉진료없고 신뢰가는 치과라서 여기서 하기로 결정했습니다.",5,1,,,2019.11.12,hfds****,임플란트,바닐라치과의원,,false,"알아본 곳들중에 가장 상세하게 설명해주시고 꼭 필요한 부분만 권유해주셔서 좋았어요.
과잉진료없고 신뢰가는 치과라서 여기서 하기로 결정했습니다.",,
198672,7525203,치과에 대한 겁이 많아서 아파도 참고 안가는 편이였는데 원장님이 치료를 참 잘해주셔서 이번에 충치치료 끝나도 정기검진을 꾸준히 다닐 생각이에요~ 간호사분들도 친절하고 병원시설도 좋더라고요~^^,5,1,,,2019.11.04,p21v****,충치치료,바닐라치과의원,,false,치과에 대한 겁이 많아서 아파도 참고 안가는 편이였는데 원장님이 치료를 참 잘해주셔서 이번에 충치치료 끝나도 정기검진을 꾸준히 다닐 생각이에요~ 간호사분들도 친절하고 병원시설도 좋더라고요~^^,,
198672,7459809,"임플란트 치료전 상담차 방문했는데, 간호사분들도  친절하시고, 원장님도 현재 치아상태와 치료방식, 예상비용 및 관리법 등 자세하게 말씀해주셔서 도움이 많이 되었습니다.
예상보다 많은 치아가 문제라서 시기를 고민중인데
하게되면 바닐라치과에서 진행할 예정입니다.",5,1,,https://naverbooking-phinf.pstatic.net/20191101_125/1572567328458M66DN_JPEG/image.jpg,2019.10.31,bigm****,임플란트,바닐라치과의원,,false,"임플란트 치료전 상담차 방문했는데, 간호사분들도  친절하시고, 원장님도 현재 치아상태와 치료방식, 예상비용 및 관리법 등 자세하게 말씀해주셔서 도움이 많이 되었습니다.
예상보다 많은 치아가 문제라서 시기를 고민중인데
하게되면 바닐라치과에서 진행할 예정입니다.",,
198672,7462143,저번에 임플란트 상담하고 재방문했어요.  친절하고 자세하게 설명도 잘해주시고 비용부분도 다른 치과들보다 더 좋았어요. 원장님 실력이 워낙 좋으셔서 전혀 걱정없었네요. 감사했어요!,5,1,,,2019.10.31,4cgp****,임플란트,바닐라치과의원,,false,저번에 임플란트 상담하고 재방문했어요.  친절하고 자세하게 설명도 잘해주시고 비용부분도 다른 치과들보다 더 좋았어요. 원장님 실력이 워낙 좋으셔서 전혀 걱정없었네요. 감사했어요!,,
198672,7443108,저 미백해주신 치위생사분이 친절하셨습니다. 미백하시려면 바닐라치과 추천합니다,5,1,감사합니다^^다음에 불편하신곳있으면 내원해주세요~!!,,2019.10.30,yusi****,치아미백,바닐라치과의원,,false,저 미백해주신 치위생사분이 친절하셨습니다. 미백하시려면 바닐라치과 추천합니다,2019.10.30 17:44:27,
198672,7439125,고민 많이 하다가 교정 시작했어요... 예쁘게 잘 됐으면 좋겠네염!!,5,1,,,2019.10.29,84qe****,치아교정,바닐라치과의원,,false,고민 많이 하다가 교정 시작했어요... 예쁘게 잘 됐으면 좋겠네염!!,,
198672,7364192,"아들래미 치아검진 하러 다녀왔는데 꼼꼼히 잘 봐주셨어요.
어린이들 눈높이에 맞게 잘 봐주시더라고요",5,1,,,2019.10.24,pink****,구강검진,바닐라치과의원,,false,"아들래미 치아검진 하러 다녀왔는데 꼼꼼히 잘 봐주셨어요.
어린이들 눈높이에 맞게 잘 봐주시더라고요",,
198672,7418443,편안하고 늘 친절합니다,5,1,,,2019.10.21,enth****,치아미백,바닐라치과의원,,false,편안하고 늘 친절합니다,,
198672,7337937,"과잉진료없이 필요한 부분에 대해서만 권유해주셔서 너무 좋았습니다~
다른 치과들과 달리 환자를 많이 생각해주는 치과라는 생각이 드네요",5,1,,,2019.10.21,taiz****,임플란트,바닐라치과의원,,false,"과잉진료없이 필요한 부분에 대해서만 권유해주셔서 너무 좋았습니다~
다른 치과들과 달리 환자를 많이 생각해주는 치과라는 생각이 드네요",,
198672,7319698,알아본 곳들중에 가격에 거품이 가장 없는 곳이였고 의사선생님이나 직원분들 모두 친절해서 여기서 교정하고있어요. 다음달 월진료때 뵈요.,5,1,,,2019.10.18,qbgu****,치아교정,바닐라치과의원,,false,알아본 곳들중에 가격에 거품이 가장 없는 곳이였고 의사선생님이나 직원분들 모두 친절해서 여기서 교정하고있어요. 다음달 월진료때 뵈요.,,
198672,7254845,직원분들이 매우 친절하시고 가격도 합리적이었다고 생각합니다.,5,1,,,2019.10.16,bski****,라미네이트,바닐라치과의원,,false,직원분들이 매우 친절하시고 가격도 합리적이었다고 생각합니다.,,
198672,7247685,대기는 좀 했지만 스케일링도 대충하는법 없이 엄청 꼼꼼하게 해주셔서 너무 좋았어요! 저는 항상 여기만 다니는데 한사람 한사람한테 최선을 다하는 느낌이 드는 병원이라는 생각이 들어요~,5,1,,,2019.10.15,taeb****,스케일링,바닐라치과의원,,false,대기는 좀 했지만 스케일링도 대충하는법 없이 엄청 꼼꼼하게 해주셔서 너무 좋았어요! 저는 항상 여기만 다니는데 한사람 한사람한테 최선을 다하는 느낌이 드는 병원이라는 생각이 들어요~,,
198672,7176265,손님도 엄청 많은데 친절하시고 진료도 잘 봐주셔서 좋아용!,5,1,,,2019.10.10,imww****,충치치료,바닐라치과의원,,false,손님도 엄청 많은데 친절하시고 진료도 잘 봐주셔서 좋아용!,,
198672,7132892,"사랑니 빼러갔는데 무통주사? 때문인지 진짜
전혀 안아팠어요!!!! 원장님하고, 근무하는 언니분들
넘 친절하시네영,,! 회사에서 도보15분걸리는데, 귀찮아도 너무 잘해주셔서 꼭 오고있어요! 사랑니 두개 더 뽑아야되는데, 꼭 여기로 올게요! 그리고 이 회사 다니는동안엔 전 계속 여기다닐듯해요 :)",5,1,,,2019.10.07,gkst****,구강검진,바닐라치과의원,,false,"사랑니 빼러갔는데 무통주사? 때문인지 진짜
전혀 안아팠어요!!!! 원장님하고, 근무하는 언니분들
넘 친절하시네영,,! 회사에서 도보15분걸리는데, 귀찮아도 너무 잘해주셔서 꼭 오고있어요! 사랑니 두개 더 뽑아야되는데, 꼭 여기로 올게요! 그리고 이 회사 다니는동안엔 전 계속 여기다닐듯해요 :)",,
198672,7141093,공휴일에 방문했는데 자세히 설명해 주시고 친절해서 좋았습니다. 다음에 또 방문하겠습니다.,5,1,,,2019.10.03,masc****,스케일링,바닐라치과의원,,false,공휴일에 방문했는데 자세히 설명해 주시고 친절해서 좋았습니다. 다음에 또 방문하겠습니다.,,
198672,7156756,"임플란트 마무리 단계에요~
수술 잘해주신 원장님 덕분에
별 탈없이 끝나가고 있는 것 같아요.
이번에 치아 본뜬 것 끼우기만 하면 되는데,
빨리 끝났으면 좋겠어요.
그동안 잘 관리해주셔서 감사합니다!",5,1,,,2019.10.02,yang****,임플란트,바닐라치과의원,,false,"임플란트 마무리 단계에요~
수술 잘해주신 원장님 덕분에
별 탈없이 끝나가고 있는 것 같아요.
이번에 치아 본뜬 것 끼우기만 하면 되는데,
빨리 끝났으면 좋겠어요.
그동안 잘 관리해주셔서 감사합니다!",,
198672,7063559,"위치도 좋고 병원 내부도 깔끔하고 무지 좋네요. 
스케일링 받을때 시리지도 않게 살살 해주시고 꼼꼼히 잘해주셔서 편하게 받았어요.
양치질 설명도 잘해주시고 친절한 곳이였네요
다음에 또 갈게요~~~~~~~~",5,1,,,2019.10.02,pqre****,스케일링,바닐라치과의원,,false,"위치도 좋고 병원 내부도 깔끔하고 무지 좋네요. 
스케일링 받을때 시리지도 않게 살살 해주시고 꼼꼼히 잘해주셔서 편하게 받았어요.
양치질 설명도 잘해주시고 친절한 곳이였네요
다음에 또 갈게요~~~~~~~~",,
198672,7027914,부정교합이 심한편이라 교정 알아보려고 상담받았는데 친절하게 상담해주시고 검사도 잘해주시고 이곳에서 교정하는 분들도 많더라고요. 그래서 저도 이곳에서 교정하기로 결정했어요,5,1,,,2019.09.30,axsk****,치아교정,바닐라치과의원,,false,부정교합이 심한편이라 교정 알아보려고 상담받았는데 친절하게 상담해주시고 검사도 잘해주시고 이곳에서 교정하는 분들도 많더라고요. 그래서 저도 이곳에서 교정하기로 결정했어요,,
198672,7016155,"치아교정 하려고 여러군데 알아보던중에 방문했는데 상담해보니 다른곳들보다 더 신뢰가 가는 곳이였어요.
교정이라는게 비용도 비용이지만 평생 사용하게될 치아를 교정하는거니까 신중하게 되더라구여..
다들 친절하시고 후기도 좋아서 시작하기로 했네요.",5,1,,,2019.09.28,ibfc****,치아교정,바닐라치과의원,,false,"치아교정 하려고 여러군데 알아보던중에 방문했는데 상담해보니 다른곳들보다 더 신뢰가 가는 곳이였어요.
교정이라는게 비용도 비용이지만 평생 사용하게될 치아를 교정하는거니까 신중하게 되더라구여..
다들 친절하시고 후기도 좋아서 시작하기로 했네요.",,
198672,6957227,데스크 언니들도 친절하시고 스케일링 했는데 꼼꼼히 잘해주셔서 좋았습니다!,5,1,,,2019.09.25,pbex****,스케일링,바닐라치과의원,,false,데스크 언니들도 친절하시고 스케일링 했는데 꼼꼼히 잘해주셔서 좋았습니다!,,
198672,6966417,분위기 좋고 사무실 인근이라 편하네요.,4,1,,,2019.09.23,mski****,스케일링,바닐라치과의원,,false,분위기 좋고 사무실 인근이라 편하네요.,,
198672,6935859,인터넷으로 교청 치과 알아보다가 예약하고 갔어요. 친절하게 상담 잘해주시고 알기쉽게 설명 해주셔서 참 좋았네요. 시설도 좋고 다들 친절하셔서 신뢰가 가는곳이라는 생각이 들어서 맘먹고 교정 시작하기로 했어요. 30대가 넘어 늦은 나이지만 앞으로 만족할 만한 교정 치료가 기대 되네요.,5,1,,,2019.09.23,rquz****,충치치료,바닐라치과의원,,false,인터넷으로 교청 치과 알아보다가 예약하고 갔어요. 친절하게 상담 잘해주시고 알기쉽게 설명 해주셔서 참 좋았네요. 시설도 좋고 다들 친절하셔서 신뢰가 가는곳이라는 생각이 들어서 맘먹고 교정 시작하기로 했어요. 30대가 넘어 늦은 나이지만 앞으로 만족할 만한 교정 치료가 기대 되네요.,,
198672,6913328,누런치아가 컴플렉스였는데 꼼꼼하게 미백해주셔서 한결 깨끗해지고 이제 자신있게 웃을수 있을거 같아여 감사합니당^^,5,1,,,2019.09.20,uhx9****,치아미백,바닐라치과의원,,false,누런치아가 컴플렉스였는데 꼼꼼하게 미백해주셔서 한결 깨끗해지고 이제 자신있게 웃을수 있을거 같아여 감사합니당^^,,
198672,6882493,"월진료 갈때마다 와이어 교체도 잘해주시고 세심하게 봐주셔서 넘 감사드려여~~~
궁금한것들 있을대마다 여쭤봐도 하나하나 친절하게 설명 다해주시고 늘 감사한 마음뿐~^^♡",5,1,,,2019.09.19,tjdw****,치아교정,바닐라치과의원,,false,"월진료 갈때마다 와이어 교체도 잘해주시고 세심하게 봐주셔서 넘 감사드려여~~~
궁금한것들 있을대마다 여쭤봐도 하나하나 친절하게 설명 다해주시고 늘 감사한 마음뿐~^^♡",,
198672,6858656,딸아이 검진때문에 방문했는데 직원분들도 상냥하고 병원도 참 깔끔했어요. 아이 치아 때문에 여러가지 물어봤을때 설명도 자세히 해주시고 많이 알게되서 좋았어요,5,1,,,2019.09.17,ztbb****,구강검진,바닐라치과의원,,false,딸아이 검진때문에 방문했는데 직원분들도 상냥하고 병원도 참 깔끔했어요. 아이 치아 때문에 여러가지 물어봤을때 설명도 자세히 해주시고 많이 알게되서 좋았어요,,
198672,6833193,1년째 교정때문에 다니는 중인데 매번 갈때마다 만족해요~ 교정 전이랑 지금이랑 치아 비교해보면 정말 예뻐졌어요 ㅋㅋ,5,1,,,2019.09.11,odus****,치아교정,바닐라치과의원,,false,1년째 교정때문에 다니는 중인데 매번 갈때마다 만족해요~ 교정 전이랑 지금이랑 치아 비교해보면 정말 예뻐졌어요 ㅋㅋ,,
198672,6780786,"치과병원인데 내부가 너무 이쁘고 깔끔해서 일단 눈으로 취향저격입니당 
원장쌤 치료도 잘해주시고 일단 마취주사자체도 안아파서 넘 좋앗어여 
담에 사랑니 뽑으러 가겟습니당??",5,1,,,2019.09.11,kyjs****,라미네이트,바닐라치과의원,,false,"치과병원인데 내부가 너무 이쁘고 깔끔해서 일단 눈으로 취향저격입니당 
원장쌤 치료도 잘해주시고 일단 마취주사자체도 안아파서 넘 좋앗어여 
담에 사랑니 뽑으러 가겟습니당??",,
198672,6832296,겁이 너무 많아서 치과가는걸 너무 싫어했는데 바닐라치과 다니면서 아프지않게 치료도 잘해주셔서 이젠 편하게 다니게 됐어요~ 인포 언니들도 친절하시구 분위기도 편해서 만족이요,5,1,,,2019.09.14,jsee****,충치치료,바닐라치과의원,,false,겁이 너무 많아서 치과가는걸 너무 싫어했는데 바닐라치과 다니면서 아프지않게 치료도 잘해주셔서 이젠 편하게 다니게 됐어요~ 인포 언니들도 친절하시구 분위기도 편해서 만족이요,,
198672,6764636,임플란트 알아보다가 지인 소개로 방문했는데 상담도 잘해주시고 과잉진료없이 아주 만족했습니다. 신뢰가는 곳이라 생각되서 검진만받고 급한일이있어서 수술날짜 잡고 왔습니다~,5,1,,,2019.09.09,bkdu****,임플란트,바닐라치과의원,,false,임플란트 알아보다가 지인 소개로 방문했는데 상담도 잘해주시고 과잉진료없이 아주 만족했습니다. 신뢰가는 곳이라 생각되서 검진만받고 급한일이있어서 수술날짜 잡고 왔습니다~,,
198672,6754712,이제 다음주면 교정이 드디어 끝이 납니다.ㅜㅜ 진짜 그동안 너무 감사했어여 ㅎㅎ 교정 하시려는분들 바닐라치과 가보세여 절대 후회안하실거에여!,5,1,,,2019.09.07,xdko****,치아교정,바닐라치과의원,,false,이제 다음주면 교정이 드디어 끝이 납니다.ㅜㅜ 진짜 그동안 너무 감사했어여 ㅎㅎ 교정 하시려는분들 바닐라치과 가보세여 절대 후회안하실거에여!,,
198672,6707667,"원장님도 친절하시고 스텝선생님들도 설명 잘해주시고 강추해여ㅋ
갈때마다 대기 시간이 조금 있지만 아주 만족 하고 치아교정중이에여!",5,1,,,2019.09.05,sfyc****,치아교정,바닐라치과의원,,false,"원장님도 친절하시고 스텝선생님들도 설명 잘해주시고 강추해여ㅋ
갈때마다 대기 시간이 조금 있지만 아주 만족 하고 치아교정중이에여!",,
198672,6687478,충치가 있는걸 알고있었는데 시간이 없어서 그동안 못가다가 이제서야 갔다왔네요.. 한동안 계속 다녀야 할 상황이지만 이참에 맘먹고 다 치료 받아보려고 합니다. 의사선생님께서 편하게 대해 주셔서 치료 받는게 불편함이 없었습니다,5,1,,,2019.09.03,qiky****,충치치료,바닐라치과의원,,false,충치가 있는걸 알고있었는데 시간이 없어서 그동안 못가다가 이제서야 갔다왔네요.. 한동안 계속 다녀야 할 상황이지만 이참에 맘먹고 다 치료 받아보려고 합니다. 의사선생님께서 편하게 대해 주셔서 치료 받는게 불편함이 없었습니다,,
198672,6672774,"어금이가 시려서 방문했는데 금이가있다고해서 신경치료랑 크라운 치료 받았어요 ^^
원장님께서 엄청 세심하고 꼼꼼하셔서 치료 내내 마음이 편하고 좋더라구요 ^^
이 아프면 또 갈게요 !",5,1,,,2019.09.02,slin****,충치치료,바닐라치과의원,,false,"어금이가 시려서 방문했는데 금이가있다고해서 신경치료랑 크라운 치료 받았어요 ^^
원장님께서 엄청 세심하고 꼼꼼하셔서 치료 내내 마음이 편하고 좋더라구요 ^^
이 아프면 또 갈게요 !",,
198672,6663751,오랜만에 아이들 데리고 한꺼번에 구강검진 하러 갔다왔는데 데스크 언니분들도 친절하시고 의사선생님도 꼼꼼하게 봐주시더라구여~ 주말에 일요일이나 공휴일에도 진료가 가능한 치과라서 너무 좋은 곳인거 같애요,5,1,,,2019.08.30,jbud****,구강검진,바닐라치과의원,,false,오랜만에 아이들 데리고 한꺼번에 구강검진 하러 갔다왔는데 데스크 언니분들도 친절하시고 의사선생님도 꼼꼼하게 봐주시더라구여~ 주말에 일요일이나 공휴일에도 진료가 가능한 치과라서 너무 좋은 곳인거 같애요,,
198672,6587458,"스켈링과 치아미백 받으러 방문했습니다.
직원분들 모두 친절하고, 특히 의료시설들이 최신것처럼 보였습니다. 다음에 다시 방문하려구요 ^^",5,1,,,2019.08.28,eunp****,치아미백,바닐라치과의원,,false,"스켈링과 치아미백 받으러 방문했습니다.
직원분들 모두 친절하고, 특히 의료시설들이 최신것처럼 보였습니다. 다음에 다시 방문하려구요 ^^",,
198672,6596021,여러곳 상담받으면서 비교해보고 그중에 여기가 가장 친절하고 경력도 오래되신거 같아 믿음이 가더라구여 지금 교정한지는 얼마 되지 않았지만 내원할때마다 치아 변화도 보이고 잘 챙겨주셔서 너무 감사해여~,5,1,,,2019.08.28,kgiu****,치아교정,바닐라치과의원,,false,여러곳 상담받으면서 비교해보고 그중에 여기가 가장 친절하고 경력도 오래되신거 같아 믿음이 가더라구여 지금 교정한지는 얼마 되지 않았지만 내원할때마다 치아 변화도 보이고 잘 챙겨주셔서 너무 감사해여~,,
198672,6570181,6개월마다 한번씩 스케일링 받는데 올해는 너무 바빠서 이제야 다녀왔네요. 네이버로 예약하고 방문했더니 웨이팅도 길지않고 편했습니다. 직원분들도 모두 친절하시고 꼼꼼하고 안아프게 잘해주셨습니다.,5,1,,,2019.08.26,v1zv****,스케일링,바닐라치과의원,,false,6개월마다 한번씩 스케일링 받는데 올해는 너무 바빠서 이제야 다녀왔네요. 네이버로 예약하고 방문했더니 웨이팅도 길지않고 편했습니다. 직원분들도 모두 친절하시고 꼼꼼하고 안아프게 잘해주셨습니다.,,
198672,6551909,이번에 큰맘먹고 교정을 시작했어요:) 교정하기 전에는 어떻게 관리를 해야하나 자신이 없었지만 의사선생님이랑 병원 언니들이 하나하나 잘 알려줘서 덕분에 지금은 딱히 불편함없이 교정 하고 있는데 하길 잘한거 같아요♡,5,1,,,2019.08.23,bkeu****,치아교정,바닐라치과의원,,false,이번에 큰맘먹고 교정을 시작했어요:) 교정하기 전에는 어떻게 관리를 해야하나 자신이 없었지만 의사선생님이랑 병원 언니들이 하나하나 잘 알려줘서 덕분에 지금은 딱히 불편함없이 교정 하고 있는데 하길 잘한거 같아요♡,,
198672,6498248,다른곳에 비해 저렴해서 살짝 걱정했었는데 그건 괜한 걱정이였고 지금은 교정 마무리도 잘되서 너무 만족합니당^^ 고른 치아를 보니 기분도 너무 좋아요~ 추천합니당!,5,1,,,2019.08.22,bldu****,치아교정,바닐라치과의원,,false,다른곳에 비해 저렴해서 살짝 걱정했었는데 그건 괜한 걱정이였고 지금은 교정 마무리도 잘되서 너무 만족합니당^^ 고른 치아를 보니 기분도 너무 좋아요~ 추천합니당!,,
198672,6776968,친절하게 응대해주시고 꼼꼼하게 치료 잘 받고 왔어요! 마취도 무통마취로 해서 완전 좋아요ㅜㅜ,5,1,,,2019.08.22,cpca****,스케일링,바닐라치과의원,,false,친절하게 응대해주시고 꼼꼼하게 치료 잘 받고 왔어요! 마취도 무통마취로 해서 완전 좋아요ㅜㅜ,,
198672,6509279,"간단한 임플란트 체크인데도 세심히 봐주셔서 감사해요~:)
그리고 가짜 치아(?)도 잘 조여주셔서 안 빠지고 좋아요!
덕분에 잘 아물고 있는 것 같아요??
임플란트 심을 때까지 잘 부탁드려요??",5,1,,,2019.08.21,yang****,임플란트,바닐라치과의원,,false,"간단한 임플란트 체크인데도 세심히 봐주셔서 감사해요~:)
그리고 가짜 치아(?)도 잘 조여주셔서 안 빠지고 좋아요!
덕분에 잘 아물고 있는 것 같아요??
임플란트 심을 때까지 잘 부탁드려요??",,
198672,6482137,원장님 너무 친절하시고 라미네이트도 너무 만족스럽게 잘되었어요!! 또 치과 갈일 있으면 여기로 가려구요~~,5,1,,,2019.08.21,sayw****,라미네이트,바닐라치과의원,,false,원장님 너무 친절하시고 라미네이트도 너무 만족스럽게 잘되었어요!! 또 치과 갈일 있으면 여기로 가려구요~~,,
198672,6468188,오른쪽 어금니에 통증이 조금 있었는데 귀찮아서 꾹 참고 있다가 이번에 다녀왔는데 진작에 올걸 그랬나봐요..ㅜ 생각보다 별로 아프지도 않게 치료 해주시고 직원분들도 친절하셔서 좋았어요~,5,1,,,2019.08.20,bpds****,충치치료,바닐라치과의원,,false,오른쪽 어금니에 통증이 조금 있었는데 귀찮아서 꾹 참고 있다가 이번에 다녀왔는데 진작에 올걸 그랬나봐요..ㅜ 생각보다 별로 아프지도 않게 치료 해주시고 직원분들도 친절하셔서 좋았어요~,,
198672,6455196,인터넷에서 좋다는 후기 보고 찾아왔는데 진짜 너무너무 좋아요!! 치아 미백도 잘 됐고 다들 친절하셔서 기분 좋게 치료 받고 갑니당:),5,1,,,2019.08.20,ghdt****,치아미백,바닐라치과의원,,false,인터넷에서 좋다는 후기 보고 찾아왔는데 진짜 너무너무 좋아요!! 치아 미백도 잘 됐고 다들 친절하셔서 기분 좋게 치료 받고 갑니당:),,
198672,6451737,"다른 곳보다 확실히 마취가 안아픈거 같아요.
원래 치과 무서워했는데 
무통마취기계? 같은거 써서 그런지 안아프게 잘 치료 받고갑니다.",5,1,,,2019.08.19,rlqh****,충치치료,바닐라치과의원,,false,"다른 곳보다 확실히 마취가 안아픈거 같아요.
원래 치과 무서워했는데 
무통마취기계? 같은거 써서 그런지 안아프게 잘 치료 받고갑니다.",,
198672,6440703,"두번째 방문 했는데, 이번에도 너무 친절하게 해주셔서 편하게 치료받고 왔습니다^^ 
치아 사이가 썩은터라 늦게 발견한 바람에
사실 신경치료는 감수하고 갔는데, 원장님께서 신경살리는 쪽으로 치료해보자고 딱 말씀해주시더라구요ㅠㅠ
덕분에 간단히 충치치료만 하고 끝났습니다
치료도 하나도 안아팠구요^^
병원도 너무 예쁘고 직원분들도 너무 친절해서 방문할때마다 기분 좋게 나오는 병원입니다?????",5,1,,,2019.08.19,mluv****,충치치료,바닐라치과의원,,false,"두번째 방문 했는데, 이번에도 너무 친절하게 해주셔서 편하게 치료받고 왔습니다^^ 
치아 사이가 썩은터라 늦게 발견한 바람에
사실 신경치료는 감수하고 갔는데, 원장님께서 신경살리는 쪽으로 치료해보자고 딱 말씀해주시더라구요ㅠㅠ
덕분에 간단히 충치치료만 하고 끝났습니다
치료도 하나도 안아팠구요^^
병원도 너무 예쁘고 직원분들도 너무 친절해서 방문할때마다 기분 좋게 나오는 병원입니다?????",,
198672,6336526,치과 너무 무서워하는데 잘생긴 원장님이 긴장도 풀어주시고 하나도 안아프게 진료해 주셔서 좋았습니다:) 병원 인테리어도 너무 예뻐용 원장님이 직접 꾸미셨다는데 못하시는게 없는 원장님 짱이에요????????,5,1,,,2019.08.13,ke24****,라미네이트,바닐라치과의원,,false,치과 너무 무서워하는데 잘생긴 원장님이 긴장도 풀어주시고 하나도 안아프게 진료해 주셔서 좋았습니다:) 병원 인테리어도 너무 예뻐용 원장님이 직접 꾸미셨다는데 못하시는게 없는 원장님 짱이에요????????,,
198672,6239487,"치과는 아무래도 다들 좀 무섭기도 하고 꺼리게 되잖아요? 간단히 검진받고, 스케일링하러 왔는데 친절하고 편안한 분위기에 받게 해주셔서 큰 거부감 없이 아프지 않게 잘 받았습니다! 치과 유목민이라 매번 어디 가지? 했었는데 정착할 것 같습니다. 직원분들도 상냥하시고, 딱딱한 원장님 많이 계신데 여기 원장님은 설명도 쉽고 무엇보다 위트 넘치셔서 긴장 하나도 안 하게 해주셨어요 ! 깔끔하고 예쁜 내부도 참 마음에 들었습니다 :)",5,1,,,2019.08.08,enth****,스케일링,바닐라치과의원,,false,"치과는 아무래도 다들 좀 무섭기도 하고 꺼리게 되잖아요? 간단히 검진받고, 스케일링하러 왔는데 친절하고 편안한 분위기에 받게 해주셔서 큰 거부감 없이 아프지 않게 잘 받았습니다! 치과 유목민이라 매번 어디 가지? 했었는데 정착할 것 같습니다. 직원분들도 상냥하시고, 딱딱한 원장님 많이 계신데 여기 원장님은 설명도 쉽고 무엇보다 위트 넘치셔서 긴장 하나도 안 하게 해주셨어요 ! 깔끔하고 예쁜 내부도 참 마음에 들었습니다 :)",,
198672,6218384,바닐라 치과를 이용한지는 일년이 좀 넘었습니다. 몇 년 전에 타치과에서 받았던 크라운 시술이 잘못된 줄 모르느 채 잇몸이 일부 변색되어 재치료와 함께 신경치료를 새롭게 치료 받았습니다. 지금은 다들 예쁘다고 할 정도로 대표원장님께서 세심히 신경 많이 쓰셔서 진료해주셨습니다. 중간에 임시치아가 제 부주의로 빠져서 주말에 급히 찾았는데도 점심시간임에도 불구하고 진료를 해주셔서 감사했습니다. 최근에는 스케일링 받으러 다시 방문했네요. 치과는 집 근처에도 많지만 제대로 치료하고 환자를 생각하는 병원은 극소수인 것 같습니다. 저희 집과 직장에서 조금 멀더라도 지속적으로 치과는 여기를 이용할 생각입니다.,5,1,,,2019.08.01,desi****,스케일링,바닐라치과의원,,false,바닐라 치과를 이용한지는 일년이 좀 넘었습니다. 몇 년 전에 타치과에서 받았던 크라운 시술이 잘못된 줄 모르느 채 잇몸이 일부 변색되어 재치료와 함께 신경치료를 새롭게 치료 받았습니다. 지금은 다들 예쁘다고 할 정도로 대표원장님께서 세심히 신경 많이 쓰셔서 진료해주셨습니다. 중간에 임시치아가 제 부주의로 빠져서 주말에 급히 찾았는데도 점심시간임에도 불구하고 진료를 해주셔서 감사했습니다. 최근에는 스케일링 받으러 다시 방문했네요. 치과는 집 근처에도 많지만 제대로 치료하고 환자를 생각하는 병원은 극소수인 것 같습니다. 저희 집과 직장에서 조금 멀더라도 지속적으로 치과는 여기를 이용할 생각입니다.,,
198672,6102917,무엇보다 치과가 깔끔해서 좋았고 스케일링 받았는데 모두 친절히 해주시고 스케일링도 하나도 안 시려워서 기분좋게 받았어요 충치치료 해야할게 있대서 조만간 다시  방문하려구요 감사합니다!,5,1,,,2019.08.01,legi****,스케일링,바닐라치과의원,,false,무엇보다 치과가 깔끔해서 좋았고 스케일링 받았는데 모두 친절히 해주시고 스케일링도 하나도 안 시려워서 기분좋게 받았어요 충치치료 해야할게 있대서 조만간 다시  방문하려구요 감사합니다!,,
198672,6090264,"미백 효과가 뛰어나군요~ 한가지 아쉬운 점이 있다면 원장님들과 간호사분들이 친절하셔서 그런지 환자분들이 많아서 대기시간이 좀 있었다는게 다소 불편(?)했다는 점 빼곤~ 만족합니다 ^ ^ 

직장인들을 위해 야간진료해주시는 것도 좋았구요~ 예전에 마취할 때도 타 치과대비 마취약이 덜 아팠던 기억도 있구요~ 암튼 미백하시려면 바닐라치과를 찾아주세요 ^ __ ^",5,1,,,2019.07.31,blad****,치아미백,바닐라치과의원,,false,"미백 효과가 뛰어나군요~ 한가지 아쉬운 점이 있다면 원장님들과 간호사분들이 친절하셔서 그런지 환자분들이 많아서 대기시간이 좀 있었다는게 다소 불편(?)했다는 점 빼곤~ 만족합니다 ^ ^ 

직장인들을 위해 야간진료해주시는 것도 좋았구요~ 예전에 마취할 때도 타 치과대비 마취약이 덜 아팠던 기억도 있구요~ 암튼 미백하시려면 바닐라치과를 찾아주세요 ^ __ ^",,
198672,6084953,스케일링 받았는데 아프지않게 꼼꼼히 잘해주시고 치료하면서 이것저것 설명도 잘해주셔서 너무 좋았습니다 ! 잇몸치료를 받아야 하는 사실은 너무 슬프지만 깨끗해진 치아를 보니 기분이 좋네요 ㅎㅎ,5,1,,,2019.07.31,thdd****,스케일링,바닐라치과의원,,false,스케일링 받았는데 아프지않게 꼼꼼히 잘해주시고 치료하면서 이것저것 설명도 잘해주셔서 너무 좋았습니다 ! 잇몸치료를 받아야 하는 사실은 너무 슬프지만 깨끗해진 치아를 보니 기분이 좋네요 ㅎㅎ,,
198672,6068534,"스켈일링 잘 하고 충치도 잘 봐주시고 과잉 진료는 없는듯 해요.
윗 사랑니 두개를 발치했는데 그 전에 원장님이 친절하게 설명해 주시고 발치도 안 아프게 뽑아주셨어요.
개인 차이는 있겠지만, 바로 다음날에 밥 먹고 진통제 없이 회복 중입니다.",5,1,,,2019.07.29,ywka****,스케일링,바닐라치과의원,,false,"스켈일링 잘 하고 충치도 잘 봐주시고 과잉 진료는 없는듯 해요.
윗 사랑니 두개를 발치했는데 그 전에 원장님이 친절하게 설명해 주시고 발치도 안 아프게 뽑아주셨어요.
개인 차이는 있겠지만, 바로 다음날에 밥 먹고 진통제 없이 회복 중입니다.",,
198672,6046878,잇몸에 상처가 있었는데 신경 잘 써주셔서 하나도 안시렸어요 감사합니다!,5,1,,,2019.07.29,tlar****,치아미백,바닐라치과의원,,false,잇몸에 상처가 있었는데 신경 잘 써주셔서 하나도 안시렸어요 감사합니다!,,
198672,6019413,바닐라치과 너무 좋아요. 이렇게 친절한 원장님 직원분들은 처음으로 만나뵙네요. 친구 소개로 첫 방문한 이후로 계속 바닐라치과만 방문하고 있습니다. 강추합니다.,5,1,,,2019.07.27,kimj****,보철치료,바닐라치과의원,,false,바닐라치과 너무 좋아요. 이렇게 친절한 원장님 직원분들은 처음으로 만나뵙네요. 친구 소개로 첫 방문한 이후로 계속 바닐라치과만 방문하고 있습니다. 강추합니다.,,
198672,6069399,"역삼역 선릉역에서 가까운 치과 찾다가 알게된 바닐라치과에서 스케일링했어요. 
근데 무슨 카페 온 줄~ㅎㅎㅎ 
인테리어가 정말 멋지더라구요^^ 확트인 큰 창이 시원해 보이고 기분도 좋았어요.
가볍게 가글 마치로 스케일링 하니까 치아가 시리지 않고 좋았어요^^
스탭들과 원장님도 넘 친절하셔서 기분 좋았네요.^^",5,1,,https://naverbooking-phinf.pstatic.net/20190730_105/1564493536633XNkP4_JPEG/image.jpg,2019.07.26,jdc5****,스케일링,바닐라치과의원,,false,"역삼역 선릉역에서 가까운 치과 찾다가 알게된 바닐라치과에서 스케일링했어요. 
근데 무슨 카페 온 줄~ㅎㅎㅎ 
인테리어가 정말 멋지더라구요^^ 확트인 큰 창이 시원해 보이고 기분도 좋았어요.
가볍게 가글 마치로 스케일링 하니까 치아가 시리지 않고 좋았어요^^
스탭들과 원장님도 넘 친절하셔서 기분 좋았네요.^^",,https://naverbooking-phinf.pstatic.net/20190730_245/1564493527205nL7hs_JPEG/image.jpg
198672,5988394,임플란트 시술과 사랑니 발치까지 했는데 아프지 않고 편안하네요. 원장님도 친철하시고 좋았습니다.,5,1,,,2019.07.25,budd****,임플란트,바닐라치과의원,,false,임플란트 시술과 사랑니 발치까지 했는데 아프지 않고 편안하네요. 원장님도 친철하시고 좋았습니다.,,
198672,5987766,"엄청 친절하시고, 지금 할인중이라서 그런지 혜자스러운 혜택 받고 왓어요..!! 진짜 너무 좋고 곧 또 방문할 예정입니다 크헤헤",5,1,,,2019.07.25,joyk****,치아미백,바닐라치과의원,,false,"엄청 친절하시고, 지금 할인중이라서 그런지 혜자스러운 혜택 받고 왓어요..!! 진짜 너무 좋고 곧 또 방문할 예정입니다 크헤헤",,
198672,5968677,"무통마취로 전혀 통증이 없었습니다. 
친절하게 잘 응대해주시고 
너무 만족스러웠습니다!!!!
가본 병원 중 가장 좋네요",5,1,,,2019.07.24,rlqh****,충치치료,바닐라치과의원,,false,"무통마취로 전혀 통증이 없었습니다. 
친절하게 잘 응대해주시고 
너무 만족스러웠습니다!!!!
가본 병원 중 가장 좋네요",,
198672,5963237,두번째방문입니다 역시 아프지않고 너무 친절하게 잘해주셔서 만족합니다!!,5,1,,,2019.07.23,seos****,구강검진,바닐라치과의원,,false,두번째방문입니다 역시 아프지않고 너무 친절하게 잘해주셔서 만족합니다!!,,
198672,6299369,마취도 아프지 않게 해주시고 치료도 빨랐어요. 친절하고 가격도 좋은듯.,5,1,,,2019.07.22,hell****,충치치료,바닐라치과의원,,false,마취도 아프지 않게 해주시고 치료도 빨랐어요. 친절하고 가격도 좋은듯.,,
198672,5890168,"인스타그램 유명카페같은 핑크빛 인테리어부터 넘넘 예쁘고 직원분들과 원장님 모두 정말 친절하시더라구요~ 동네에 치과가 있긴하지만 워낙 불친절해서 가기 싫었는데 요기 는 좀 멀어도 친절해서 계속 들릴 것 같아욥ㅎㅎ 제가 통증에 예민한 편이라 엄청 움찔거렸는데 그 부분 조심조심해주시고 상담도 정말 꼼꼼하게 해주셔서 넘 감사했어요~♡
담에 또 방문할게용♡",5,1,,https://naverbooking-phinf.pstatic.net/20190719_175/1563487569100FstaC_JPEG/image.jpg,2019.07.18,gioc****,스케일링,바닐라치과의원,,false,"인스타그램 유명카페같은 핑크빛 인테리어부터 넘넘 예쁘고 직원분들과 원장님 모두 정말 친절하시더라구요~ 동네에 치과가 있긴하지만 워낙 불친절해서 가기 싫었는데 요기 는 좀 멀어도 친절해서 계속 들릴 것 같아욥ㅎㅎ 제가 통증에 예민한 편이라 엄청 움찔거렸는데 그 부분 조심조심해주시고 상담도 정말 꼼꼼하게 해주셔서 넘 감사했어요~♡
담에 또 방문할게용♡",,
198672,5888854,잘한다구해서 스케일링받으러갔는데 안아프게 꼼꼼히 넘 잘해주셔서 좋았어요 ! ??다들 너무 친절하셔서 진료받는 내내 기분 좋았어요 ????????,5,1,,,2019.07.18,dusg****,스케일링,바닐라치과의원,,false,잘한다구해서 스케일링받으러갔는데 안아프게 꼼꼼히 넘 잘해주셔서 좋았어요 ! ??다들 너무 친절하셔서 진료받는 내내 기분 좋았어요 ????????,,
198672,5986278,전체적으로 좋았습니다. 과잉진료 안하시구 딱 할 것만 해주시는데 믿을만한 치과구나 생각되었습니다. 스케일링 충치 치료 감사합니다.,5,1,,,2019.07.18,no88****,충치치료,바닐라치과의원,,false,전체적으로 좋았습니다. 과잉진료 안하시구 딱 할 것만 해주시는데 믿을만한 치과구나 생각되었습니다. 스케일링 충치 치료 감사합니다.,,
198672,5880923,"임플란트 실밥 제거하러 방문했어요!
발치하고 뼈이식까지 했는데, 얼굴 붓는것도 없었고 아프지도 않았어요!
역시 실밥 제거하는 것도 안 아프고 빠르게 끝났어요.
의사선생님 및 직원분들도 매번 친절하시고 좋아요~:)",5,1,,,2019.07.17,yang****,임플란트,바닐라치과의원,,false,"임플란트 실밥 제거하러 방문했어요!
발치하고 뼈이식까지 했는데, 얼굴 붓는것도 없었고 아프지도 않았어요!
역시 실밥 제거하는 것도 안 아프고 빠르게 끝났어요.
의사선생님 및 직원분들도 매번 친절하시고 좋아요~:)",,
198672,5874502,"스케일링이 진짜 하나도 안아파요. 이런 경험은 처음이네요! 
그리고 원장님 연예인 보는 줄 알았어요. 신은 불공평하네요.
바닐라치과 지금까지 가본 치과 중 최고입니다!
대박나세요^^",5,1,,,2019.07.17,kth4****,스케일링,바닐라치과의원,,false,"스케일링이 진짜 하나도 안아파요. 이런 경험은 처음이네요! 
그리고 원장님 연예인 보는 줄 알았어요. 신은 불공평하네요.
바닐라치과 지금까지 가본 치과 중 최고입니다!
대박나세요^^",,
198672,5965369,병원 분위기가 매우 좋고 선생님들이 다 친철해서 좋았어요???? 마취도 하나도 안아프고 치료도 안아팠어요!!! 이제 이아프면 여기로 올려구여????,5,1,,,2019.07.16,alsw****,충치치료,바닐라치과의원,,false,병원 분위기가 매우 좋고 선생님들이 다 친철해서 좋았어요???? 마취도 하나도 안아프고 치료도 안아팠어요!!! 이제 이아프면 여기로 올려구여????,,
198672,5965336,"우선 치과가 너무 예쁘고 분위기가 너무 좋아요!!! 원장님께서 정성을 다해서 진료 해주시고, 치과위생사 선생님들도 굉장히 친절하세요 ㅎㅎ 앞으로 치과는 바닐라치과로 다닐 생각이예요 ~ 번창하셔서 강남에서 제일가는 치과가 되길 바랍니다? ?( “? )??",5,1,,,2019.07.16,ghkd****,치아교정,바닐라치과의원,,false,"우선 치과가 너무 예쁘고 분위기가 너무 좋아요!!! 원장님께서 정성을 다해서 진료 해주시고, 치과위생사 선생님들도 굉장히 친절하세요 ㅎㅎ 앞으로 치과는 바닐라치과로 다닐 생각이예요 ~ 번창하셔서 강남에서 제일가는 치과가 되길 바랍니다? ?( “? )??",,
198672,5810471,간호사분들도 친절하고 안아프게 임플란트 잘되었습니다 사후관리에 대해 설명도 자세히 해주셨고 알아봤던 치과중 저렴한 비용으로 최대효과본듯,5,1,,,2019.07.12,s_co****,임플란트,바닐라치과의원,,false,간호사분들도 친절하고 안아프게 임플란트 잘되었습니다 사후관리에 대해 설명도 자세히 해주셨고 알아봤던 치과중 저렴한 비용으로 최대효과본듯,,
198672,5839263,만족합니다,5,1,,,2019.07.10,kaoj****,구강검진,바닐라치과의원,,false,만족합니다,,
198672,5851010,치과 너무 무서워서 힘들줄 알았는데.. 간호사 선생님께서 따듯하게 대해주시고 마취도 하나도 안아프고 해서 충치치료 성공했네요,5,1,,https://naverbooking-phinf.pstatic.net/20190715_20/1563182021013x6rX2_JPEG/image.jpg,2019.07.10,jimm****,충치치료,바닐라치과의원,,false,치과 너무 무서워서 힘들줄 알았는데.. 간호사 선생님께서 따듯하게 대해주시고 마취도 하나도 안아프고 해서 충치치료 성공했네요,,
198672,5790597,"스케일링, 충치, 임플란트까지 진료 받고 있는데 매번 너무 친절하셔서 좋아요~:)
무서워할까봐 진료 전/중에 이것저것 설명해주니까 덜 무서운 것 같아요!!
퇴근하고 가느라 저녁 8시쯤에 갔는데도 야간진료 덕분에 지장없이 치료받았어요~",5,1,,,2019.07.10,yang****,임플란트,바닐라치과의원,,false,"스케일링, 충치, 임플란트까지 진료 받고 있는데 매번 너무 친절하셔서 좋아요~:)
무서워할까봐 진료 전/중에 이것저것 설명해주니까 덜 무서운 것 같아요!!
퇴근하고 가느라 저녁 8시쯤에 갔는데도 야간진료 덕분에 지장없이 치료받았어요~",,
198672,5775290,치과가 카페같이 예쁜 곳이네요. 충치검진 겸 임플란트 상담 받으러 갔는데 큰 화면으로 내용을 띄우면서 보여주니까 치료에 대한 계획을 이해하기 굉장히 쉬웠어요. 의자에 앉기 전 찍은건데 나름 경관도 좋아서 중간중간 구경하는 맛이 ㅋㅋㅋ 오늘 충치 떼우고 가는데 마취가 거의 안 아파서 다음에도 치료 편하게 받을 것 같습니다 ㅎㅎ,5,1,,https://naverbooking-phinf.pstatic.net/20190710_108/1562723260646JORKn_JPEG/22.jpg,2019.07.09,jooo****,임플란트,바닐라치과의원,,false,치과가 카페같이 예쁜 곳이네요. 충치검진 겸 임플란트 상담 받으러 갔는데 큰 화면으로 내용을 띄우면서 보여주니까 치료에 대한 계획을 이해하기 굉장히 쉬웠어요. 의자에 앉기 전 찍은건데 나름 경관도 좋아서 중간중간 구경하는 맛이 ㅋㅋㅋ 오늘 충치 떼우고 가는데 마취가 거의 안 아파서 다음에도 치료 편하게 받을 것 같습니다 ㅎㅎ,,
198672,5771984,"원장님이랑 직원 분들 모두 너무 친절하셨어여
진짜 분위기 너무 좋았음 ㅠ
치료도 성심껏 봐주셔서 그런가 정말 하나도 안아팠고, 무통마취주사도 첨 맞아봤는데 체고엿어요ㅎㅎ
회사에서 거리가 좀 있는데 저는 이대로 쭉 다니려구요ㅎㅎ",5,1,,,2019.07.09,mluv****,충치치료,바닐라치과의원,,false,"원장님이랑 직원 분들 모두 너무 친절하셨어여
진짜 분위기 너무 좋았음 ㅠ
치료도 성심껏 봐주셔서 그런가 정말 하나도 안아팠고, 무통마취주사도 첨 맞아봤는데 체고엿어요ㅎㅎ
회사에서 거리가 좀 있는데 저는 이대로 쭉 다니려구요ㅎㅎ",,
198672,5762638,"어금니가 예전부터 많이 흔들리고 아파서. 친구들로부터 잘한다는 치과 추천을 받고 다니다가. 우연찮게 바닐라 치과를 가게됏어요. 
오~ 기대 이상이네요. 의사분도 친절하시고. 정말 하나도 안아프게 마취에서부터 임플란트까지 마무리 해주셧어요. 그것도 가격도 저렴하게.  
저도 주변에 소개 많이해야겟어요. 바닐라치과 강추강추",5,1,,,2019.07.08,onej****,임플란트,바닐라치과의원,,false,"어금니가 예전부터 많이 흔들리고 아파서. 친구들로부터 잘한다는 치과 추천을 받고 다니다가. 우연찮게 바닐라 치과를 가게됏어요. 
오~ 기대 이상이네요. 의사분도 친절하시고. 정말 하나도 안아프게 마취에서부터 임플란트까지 마무리 해주셧어요. 그것도 가격도 저렴하게.  
저도 주변에 소개 많이해야겟어요. 바닐라치과 강추강추",,
198672,5774205,예전부터 교정은 하고 싶었는데 어디가 좋은지 몰라서 여기 저기 상담 받다가 여기로 결정했어요!! 비용도 되게 합리적인데 뭣보다 제 얼굴이랑 치아에 대해 직접 화면을 보여주면서 설명해주니까 이해가 잘 되더라고요. 게다가 장치마다 특징이 어떻게 되는지 모델을 보여주면서 알려주니까 뭐가 좋은지 파악이 쉽더라고요. 뭣보다 치과가 무지 이뻐서 앞으로 올 때마다 호텔에서 치료받는 기분 들 것 같아요 ㅎㅎ,5,1,,https://naverbooking-phinf.pstatic.net/20190710_294/1562718443647I4saF_JPEG/11.jpg,2019.07.08,sj00****,치아교정,바닐라치과의원,,false,예전부터 교정은 하고 싶었는데 어디가 좋은지 몰라서 여기 저기 상담 받다가 여기로 결정했어요!! 비용도 되게 합리적인데 뭣보다 제 얼굴이랑 치아에 대해 직접 화면을 보여주면서 설명해주니까 이해가 잘 되더라고요. 게다가 장치마다 특징이 어떻게 되는지 모델을 보여주면서 알려주니까 뭐가 좋은지 파악이 쉽더라고요. 뭣보다 치과가 무지 이뻐서 앞으로 올 때마다 호텔에서 치료받는 기분 들 것 같아요 ㅎㅎ,,
198672,5756955,대표 원장님 너무 친절하시구 꼼꼼하세요~ 통증이 정말 없게 잘 하셔요 강추 합니당당~~~,5,1,,,2019.07.08,hotl****,치아미백,바닐라치과의원,,false,대표 원장님 너무 친절하시구 꼼꼼하세요~ 통증이 정말 없게 잘 하셔요 강추 합니당당~~~,,
198672,5734467,"선생님들도 친절하시고
시설도 깨끗해요~~
안아프게 잘봐주셔서 기분좋게 왔네여^^",5,1,,,2019.07.06,kdh7****,충치치료,바닐라치과의원,,false,"선생님들도 친절하시고
시설도 깨끗해요~~
안아프게 잘봐주셔서 기분좋게 왔네여^^",,
198672,5752596,토요일에 진료받으러 왔는데 너무 친절히 대해주셔서 감사했어요!! 오늘 치료하루내용에 대해서도 설명 너무 잘해주시고 치료하기전 마취주사도 진짜 처음이 따끔한번하고 하나도 안아파서 신기했어요~! 다음에 치료할거 또 있으면 여기로 올려고 생각하고앗어요 ㅎㅎㅎㅎ,5,1,,,2019.07.06,vnel****,충치치료,바닐라치과의원,,false,토요일에 진료받으러 왔는데 너무 친절히 대해주셔서 감사했어요!! 오늘 치료하루내용에 대해서도 설명 너무 잘해주시고 치료하기전 마취주사도 진짜 처음이 따끔한번하고 하나도 안아파서 신기했어요~! 다음에 치료할거 또 있으면 여기로 올려고 생각하고앗어요 ㅎㅎㅎㅎ,,
198672,5937971,마취도 아프지 않게 잘해주시고 빠른 치료 받았어요. 치과가 쾌적하고 예쁘네요. 의사쌤도 잘생김.,5,1,,,2019.07.05,hell****,충치치료,바닐라치과의원,,false,마취도 아프지 않게 잘해주시고 빠른 치료 받았어요. 치과가 쾌적하고 예쁘네요. 의사쌤도 잘생김.,,
198672,5718010,친구소개로 검진하러갔다가 충치조금있어서 떼우고 스켈링하고왔는데 마취때문에 겁먹을필요거없어서 좋았어요 ㅠㅠ 무통마취라서 다행..위생사님들이랑 원장님도 친절하시고 치료전에 입안사진도 찍어서 보여주셔가지고 이해도 잘했어요!!! 다음예약때도 안아프게해주세요 ..!,5,1,,,2019.07.05,seoy****,스케일링,바닐라치과의원,,false,친구소개로 검진하러갔다가 충치조금있어서 떼우고 스켈링하고왔는데 마취때문에 겁먹을필요거없어서 좋았어요 ㅠㅠ 무통마취라서 다행..위생사님들이랑 원장님도 친절하시고 치료전에 입안사진도 찍어서 보여주셔가지고 이해도 잘했어요!!! 다음예약때도 안아프게해주세요 ..!,,
198672,5777692,위에 6전치 라미네이트 했는데 이쁘네요. 치아하나에 쇠기둥? 박혀있어서 색맞추기힘들다고했는데 잘나왔어요^^ 탑스타 배우들도 여기서 한다는데 역시 잘하네요! 감사합니다^^♡,5,1,,,2019.07.10,ps07****,라미네이트,바닐라치과의원,,false,위에 6전치 라미네이트 했는데 이쁘네요. 치아하나에 쇠기둥? 박혀있어서 색맞추기힘들다고했는데 잘나왔어요^^ 탑스타 배우들도 여기서 한다는데 역시 잘하네요! 감사합니다^^♡,,
198672,5689388,"두번째 방문이에요~
치료 중에 이가 시리는지 여러번 확인해주시고, 마취해주셔서 안 아팠어요.
그리고 무서워할 때 손 잡아주신 위생사 선생님 감사해요...♡♡",5,1,,,2019.07.03,yang****,충치치료,바닐라치과의원,,false,"두번째 방문이에요~
치료 중에 이가 시리는지 여러번 확인해주시고, 마취해주셔서 안 아팠어요.
그리고 무서워할 때 손 잡아주신 위생사 선생님 감사해요...♡♡",,
198672,5701052,"너무좋아요 원장님도 친절하시고 설명도 잘해주세요
저희가족은 전부 바닐라치과로가요",5,1,,https://naverbooking-phinf.pstatic.net/20190704_263/1562251093461T1UHP_JPEG/image.jpg,2019.07.02,jysa****,임플란트,바닐라치과의원,,false,"너무좋아요 원장님도 친절하시고 설명도 잘해주세요
저희가족은 전부 바닐라치과로가요",,
198672,5672237,항상 치과에대한 두려움이있어 미루다가 소문듣고 오게되었는데 친절한상담과 시설도 좋고 아프지 않아 너무좋았습니다,5,1,,,2019.07.01,seos****,임플란트,바닐라치과의원,,false,항상 치과에대한 두려움이있어 미루다가 소문듣고 오게되었는데 친절한상담과 시설도 좋고 아프지 않아 너무좋았습니다,,
198672,5532799,엄청 걱정하고 치과 방문했는데 직원분들 너무너무 친절하셔서 대접받는 기분이엇어요~! 임플란트 하느라 썩은 치아 뿌리 뽑았는데 엄청 아플까봐 무서웠는데 무통마취해서 하나도 안아프더라구요~ 뼈이식도 무료로 해주셔서 완전 좋아요! 이제 잇몸 튼튼해지면 임플란트 시작할건데 치과 여기로 가기 참 잘한 것 같네요,5,1,,,2019.06.20,rein****,임플란트,바닐라치과의원,,false,엄청 걱정하고 치과 방문했는데 직원분들 너무너무 친절하셔서 대접받는 기분이엇어요~! 임플란트 하느라 썩은 치아 뿌리 뽑았는데 엄청 아플까봐 무서웠는데 무통마취해서 하나도 안아프더라구요~ 뼈이식도 무료로 해주셔서 완전 좋아요! 이제 잇몸 튼튼해지면 임플란트 시작할건데 치과 여기로 가기 참 잘한 것 같네요,,
198672,5514593,"진료도 너무 좋았지만 
원장님 너무 미남이시네용!!
최고^_^ 감동입니당!!",5,1,,,2019.06.17,kwom****,치아미백,바닐라치과의원,,false,"진료도 너무 좋았지만 
원장님 너무 미남이시네용!!
최고^_^ 감동입니당!!",,
198672,5485700,"스케일링했는데, 위생사 선생님이 안 아프게 해주셨고 엄청 친절하셨어요~:)
그리고 9시까지 야간진료하니까 시간에 안 쫓기고 퇴근 후에 여유롭게 진료받을 수 있었어요!
원장선생님이 잘생기셨고!!!
이것저것 잘 설명해주셨어요!",5,1,,,2019.06.13,yang****,스케일링,바닐라치과의원,,false,"스케일링했는데, 위생사 선생님이 안 아프게 해주셨고 엄청 친절하셨어요~:)
그리고 9시까지 야간진료하니까 시간에 안 쫓기고 퇴근 후에 여유롭게 진료받을 수 있었어요!
원장선생님이 잘생기셨고!!!
이것저것 잘 설명해주셨어요!",,
198672,5252045,좋아요좋아요좋아요너,5,1,,,2019.05.29,myki****,치아미백,바닐라치과의원,,false,좋아요좋아요좋아요너,,
198672,5161822,"네 충치치료하러 같는데 ? 
잘생긴 원장님이 진료를 꼼꼼하게 잘해주시더라구요.

세렉이라나 ?첨단기술로 반나절만에 치료끄읏ㅎㅎ
사실 몇번 갈 요량으로 찾아갔는데?

치아교정과 전문의사도 따로 있어 ? 울 딸 나중에 데리고 가야 것다는 생각했심다


네이버 온라인으로 예약하니 이런 것도 쓰라고 문자오고 ? 세상이 완전 디지털 천국 ㅋㅋ

치과 증말 깨끗하고 시력도 굿굿",4,1,,,2019.05.22,dhsh****,임플란트,바닐라치과의원,,false,"네 충치치료하러 같는데 ? 
잘생긴 원장님이 진료를 꼼꼼하게 잘해주시더라구요.

세렉이라나 ?첨단기술로 반나절만에 치료끄읏ㅎㅎ
사실 몇번 갈 요량으로 찾아갔는데?

치아교정과 전문의사도 따로 있어 ? 울 딸 나중에 데리고 가야 것다는 생각했심다


네이버 온라인으로 예약하니 이런 것도 쓰라고 문자오고 ? 세상이 완전 디지털 천국 ㅋㅋ

치과 증말 깨끗하고 시력도 굿굿",,
198672,5089095,"직원분들 및 원장님도 너무너무 친절하세요:) 
신경치료 아플까봐 걱정했는데 ㅠㅠ 안아프게
잘해주셔서 만족합니다!
미백도 지금 이벤트 중이라 했는데 완전 대만족이영^^",5,1,,https://naverbooking-phinf.pstatic.net/20190517_3/1558054279646JFJ7D_JPEG/image.jpg,2019.05.16,hyb2****,충치치료,바닐라치과의원,,false,"직원분들 및 원장님도 너무너무 친절하세요:) 
신경치료 아플까봐 걱정했는데 ㅠㅠ 안아프게
잘해주셔서 만족합니다!
미백도 지금 이벤트 중이라 했는데 완전 대만족이영^^",,
198672,4827184,의사샘이랑 간호사 분들이 정말 친절하시네요!,5,1,,,2019.04.25,toci****,치아교정,바닐라치과의원,,false,의사샘이랑 간호사 분들이 정말 친절하시네요!,,
