bookingBusinessId,reviewId,reviewBody,score,isImp,replyBody,replyRegDate,resourceUrlList,completedDate,id,bookingItemName,bookingBusinessName,optionNameList,body/0/isHighlight,body/0/text,
180534,7263378,감사합니다~,5,1,"안녕하세요~
불편 시 언제든지 연락주세요^^",2019.10.21 16:44:38,,2019.10.17,myse****,연세그랑스마일치과 진료 상담,연세그랑스마일치과의원,,false,감사합니다~,
180534,7235106,사랑니 2개 발치하고 스케일링했습니다! 치위생사선생님과 의사선생님 전부 친절하셨구 스케일링도 발치도 안아프게 잘 해주셨습니다! 제가 엄살이 심해서 계속 걱정했는데 옆에서 계속 안심시켜주시고 정말 감사했습니다~!!:),5,1,"안녕하세요~ 지인 소개해주셔서 감사합니다!
언제나 만족을 드리는 연세그랑스마일치과가 되겠습니다^^",2019.10.16 14:50:33,,2019.10.15,hes9****,연세그랑스마일치과 진료 상담,연세그랑스마일치과의원,,false,사랑니 2개 발치하고 스케일링했습니다! 치위생사선생님과 의사선생님 전부 친절하셨구 스케일링도 발치도 안아프게 잘 해주셨습니다! 제가 엄살이 심해서 계속 걱정했는데 옆에서 계속 안심시켜주시고 정말 감사했습니다~!!:),
180534,7128969,"친절하세요!짱짱
마취도 발치도 안아프게 해주셔서 감사합니당!
사랑니는 연세그랑스마일치과에소..!!!!",5,1,"안녕하세요, 완전히 아물 때 까지 가글 잘 해주시고
불편한 점 있으면 언제든지 전화주세요~
",2019.10.08 14:40:08,,2019.10.07,1004****,연세그랑스마일치과 진료 상담,연세그랑스마일치과의원,,false,"친절하세요!짱짱
마취도 발치도 안아프게 해주셔서 감사합니당!
사랑니는 연세그랑스마일치과에소..!!!!",
180534,7073795,"처음방문인데도직원분들도친절하게상담해주시고 의사선생님도친절하게어디를건드릴지아플지알려주시고 마취도친절하게잘해주셔서들아팠어요ㅎ
as2년간가능하니정말좋은것같아요  끝나고소정의증정품도주셔서감사합니다",5,1,"안녕하세요~ 저희치과에 만족하셨다니 너무 기쁩니다!
항상 만족을 드릴 수 있는 치과가 되도록 노력하겠습니다^^",2019.10.07 12:07:48,,2019.10.04,wlal****,연세그랑스마일치과 진료 상담,연세그랑스마일치과의원,,false,"처음방문인데도직원분들도친절하게상담해주시고 의사선생님도친절하게어디를건드릴지아플지알려주시고 마취도친절하게잘해주셔서들아팠어요ㅎ
as2년간가능하니정말좋은것같아요  끝나고소정의증정품도주셔서감사합니다",
180534,7067495,회사동료가 여기서 치료했었는데 과잉진료도 없고 괜찮은 것 같다고 해서 방문했어요. 예약시간에 맞춰 진료도 보고 꼭 필요한 치료만 권하시는 것 같았어요. 얼마전 tv에서 문제치과에서 과잉진료로 모조리 갈아놓는거보고 치과방문이 꺼려졌었는데 여긴 그런걱정 안해도 될 것 같아요. 그리고 무엇보다 안아프게 치료해주신 게 제일 만족스러웠네요^^,5,1,"안녕하세요, 저희 치과는 과잉진료 없이 편안한 진료를 위해 최선을 다하고 있습니다~
진료에 만족하셨다니 기쁩니다.^^
좋은 하루 보내세요!",2019.10.04 15:31:48,,2019.10.04,aryu****,연세그랑스마일치과 진료 상담,연세그랑스마일치과의원,,false,회사동료가 여기서 치료했었는데 과잉진료도 없고 괜찮은 것 같다고 해서 방문했어요. 예약시간에 맞춰 진료도 보고 꼭 필요한 치료만 권하시는 것 같았어요. 얼마전 tv에서 문제치과에서 과잉진료로 모조리 갈아놓는거보고 치과방문이 꺼려졌었는데 여긴 그런걱정 안해도 될 것 같아요. 그리고 무엇보다 안아프게 치료해주신 게 제일 만족스러웠네요^^,
180534,7041867,"치과를 몇군데 가서 견적을 내보았는데
가는곳마다 치료방법도 다르고 금액도 다르더라구요 제가 전문적인지식이 없다보니 어느의사분이 맞는지도 모르겠네요 금액적으로는 이곳이 가장 비쌌지만 치료 방법이 다른병원이랑 다르니 과잉진료인지 아닌지 판단할수가 없네요 상담은 친절히 정말 잘받았습니다",3,1,"안녕하세요, 연세그랑스마일 치과입니다.
치과마다 진단이 다르게 나와, 치료방법에 따른 치료 비용도 상이했던 것 같습니다.
크라운(보철) 비용 외에, 코어(보강재) 비용 추가로 비용이 비싸게 느껴진 것 같아 아쉽습니다. 신경치료는 보존 원장님, 보철치료는 대표원장님으로 협진하고 있어 보다 나은 결과를 기대하셔도 좋을 것 같습니다!
좋은 치과 선택 후, 치료 잘 받으시길 바랍니다~
즐거운 하루되세요^^",2019.10.04 10:36:58,,2019.10.01,mast****,연세그랑스마일치과 진료 상담,연세그랑스마일치과의원,,false,"치과를 몇군데 가서 견적을 내보았는데
가는곳마다 치료방법도 다르고 금액도 다르더라구요 제가 전문적인지식이 없다보니 어느의사분이 맞는지도 모르겠네요 금액적으로는 이곳이 가장 비쌌지만 치료 방법이 다른병원이랑 다르니 과잉진료인지 아닌지 판단할수가 없네요 상담은 친절히 정말 잘받았습니다",
180534,7016961,설명을 잘 이해할 수 있도록 해주셔요~,4,1,"안녕하세요~
더욱 궁금한 점 있으면 언제든지 전화주세요^^",2019.09.30 16:38:10,,2019.09.30,mine****,연세그랑스마일치과 진료 상담,연세그랑스마일치과의원,,false,설명을 잘 이해할 수 있도록 해주셔요~,
180534,6970292,"다른곳은 예약해도 기본 20분 대기인데 여긴
예약하면 대기 시간 거의 없어 좋습니다.",5,1,"안녕하세요~ 저희 치과에 만족하셨다니 다행입니다!
앞으로도 최선을 다해서 진료해드리겠습니다.
좋은하루되세요^^
",2019.09.30 16:37:39,,2019.09.27,chri****,연세그랑스마일치과 진료 상담,연세그랑스마일치과의원,,false,"다른곳은 예약해도 기본 20분 대기인데 여긴
예약하면 대기 시간 거의 없어 좋습니다.",
180534,6934177,AS 2년 좋네요,5,1,"안녕하세요, 항상 최선을 다하여 
언제나 만족을 드릴 수 있는 연세그랑스마일치과가 되겠습니다.",2019.09.24 18:26:55,,2019.09.23,chri****,연세그랑스마일치과 진료 상담,연세그랑스마일치과의원,,false,AS 2년 좋네요,
180534,6885142,"스케일링 지금까지 해본 것 중에 제일 편안하게 했어요. 마취가글에 치실 사용법까지 꼼꼼하게 알려주셔서 편안하게 진료 받았습니다.
병원이 깔끔한 것도 좋았어요ㅎㅎ",5,1,"안녕하세요, 만족하셨다니 다행입니다^^
구강용품으로 관리 잘해주시고 예약 일에 뵙겠습니다!",2019.09.21 11:01:57,,2019.09.20,erio****,연세그랑스마일치과 진료 상담,연세그랑스마일치과의원,,false,"스케일링 지금까지 해본 것 중에 제일 편안하게 했어요. 마취가글에 치실 사용법까지 꼼꼼하게 알려주셔서 편안하게 진료 받았습니다.
병원이 깔끔한 것도 좋았어요ㅎㅎ",
180534,6843023,스케일링 세심하게 신경 써주셔서 편안히 받을 수 있었습니다??,5,1,"안녕하세요~
앞으로도 최선을 다해서 진료해드리겠습니다.
좋은하루되세요^^",2019.09.18 10:50:11,,2019.09.16,ansy****,연세그랑스마일치과 진료 상담,연세그랑스마일치과의원,,false,스케일링 세심하게 신경 써주셔서 편안히 받을 수 있었습니다??,
180534,6846313,"이전에 다른 치과에서 했던 크라운치료에 신경치료를 못 해서 하려고 갔는데, 상담해주시는 분께서 AS되는지 확인 해보시고 치료 받으라고 하셔서 돈을 절약하게 되었습니다. 해당 치과의 이익보다도 제가 더 나은 방향으로 치료 받을 수 있게 해주시는 점에서 매우 신뢰가 갔고 다음에 치료할 일이 있으면 꼭 여기서 할 예정이에요! 치과에 대한 안좋은 인식이 많았는데 상당히 좋은 느낌을 받았습니다!",5,1,"안녕하세요~
타치과에서 진료받은지 1년안되었다고 하셔서, 안타까운마음에 말씀드렸는데, 도움이 되었다니 정말 기쁩니다!^^
저희치과는 AS기간이 명시되어있으므로, 향후 진료 시 참고해주세요~
치료 잘 받으시고 즐거운 하루되세요~",2019.09.18 10:55:14,,2019.09.16,game****,연세그랑스마일치과 진료 상담,연세그랑스마일치과의원,,false,"이전에 다른 치과에서 했던 크라운치료에 신경치료를 못 해서 하려고 갔는데, 상담해주시는 분께서 AS되는지 확인 해보시고 치료 받으라고 하셔서 돈을 절약하게 되었습니다. 해당 치과의 이익보다도 제가 더 나은 방향으로 치료 받을 수 있게 해주시는 점에서 매우 신뢰가 갔고 다음에 치료할 일이 있으면 꼭 여기서 할 예정이에요! 치과에 대한 안좋은 인식이 많았는데 상당히 좋은 느낌을 받았습니다!",
180534,6938486,사랑니발치하러 가게됐는데요.다른병원에서는 사랑니가 신경쪽에 깊숙히 있어서 큰병원가보라고했었습니다.아플까 걱정되서 방치하고 잊고살다가 너무 아파져서 지인소개로 추석전에 예약하고 바로 뽑으러갔습니다. 사랑니도 깊은곳에 신경을 건드리고있었고. 사랑니가 심하게 썩어서 조금 더시간이 걸린다고하시고 사랑니와 다른곳 충치치료도 같이했습니다.나중에 들은거지만 사랑니를 잘게부셔서 뽑으셨다고 하셨구요. 우선 아플줄알았던 치료는 아프지않았고 턱을 오래벌리고있어서 뻐근함정도고. 모든 스케일링.충치치료.발치..원장님께서 섬세하게 치료해주고  과잉진료없이 필요한 치료만 설명해주셨습니다.모든 간호사님들도 친절하게 설명해주시고 대해주셔서 편안히 잘받을수있었구요. 이병원에 오게되서 치과에대한 선입견이나 금전적으로도 신뢰가 생기게되었습니다,5,1,"안녕하세요
저희치과를 방문해주셔서 감사합니다
늘 환자와 소통하며 과잉진료 없이 편안한 진료를 위해 최선을 다하겠습니다~즐거운 하루 되세요^^
",2019.09.24 18:31:02,,2019.09.11,trid****,연세그랑스마일치과 진료 상담,연세그랑스마일치과의원,,false,사랑니발치하러 가게됐는데요.다른병원에서는 사랑니가 신경쪽에 깊숙히 있어서 큰병원가보라고했었습니다.아플까 걱정되서 방치하고 잊고살다가 너무 아파져서 지인소개로 추석전에 예약하고 바로 뽑으러갔습니다. 사랑니도 깊은곳에 신경을 건드리고있었고. 사랑니가 심하게 썩어서 조금 더시간이 걸린다고하시고 사랑니와 다른곳 충치치료도 같이했습니다.나중에 들은거지만 사랑니를 잘게부셔서 뽑으셨다고 하셨구요. 우선 아플줄알았던 치료는 아프지않았고 턱을 오래벌리고있어서 뻐근함정도고. 모든 스케일링.충치치료.발치..원장님께서 섬세하게 치료해주고  과잉진료없이 필요한 치료만 설명해주셨습니다.모든 간호사님들도 친절하게 설명해주시고 대해주셔서 편안히 잘받을수있었구요. 이병원에 오게되서 치과에대한 선입견이나 금전적으로도 신뢰가 생기게되었습니다,
180534,6761534,엄살이 심한 편이라 치과오는게 두려워 사랑니가 썩도록 방치한 상황이었습니다. 다른 치과에서는 신경을 건드릴수 있어서 굉장히 어렵다고 했는데 연세그랑스마일치과에서는 상담 바로 당일 발치를 할수 있었습니다. 고통이 심할 줄 알았는데 하루 지난 지금 상태가 너무 좋네요. 탁월한 선택이었던거 같습니다. 앞으로도 깨진 치아를 치료받으려고 합니다.,5,1,"안녕하세요~ 저희치과에 만족하셨다니 너무 기쁩니다!
실밥제거 예약 일에 뵙겠습니다.
좋은하루되세요^^",2019.09.11 14:37:18,,2019.09.09,naut****,연세그랑스마일치과 진료 상담,연세그랑스마일치과의원,,false,엄살이 심한 편이라 치과오는게 두려워 사랑니가 썩도록 방치한 상황이었습니다. 다른 치과에서는 신경을 건드릴수 있어서 굉장히 어렵다고 했는데 연세그랑스마일치과에서는 상담 바로 당일 발치를 할수 있었습니다. 고통이 심할 줄 알았는데 하루 지난 지금 상태가 너무 좋네요. 탁월한 선택이었던거 같습니다. 앞으로도 깨진 치아를 치료받으려고 합니다.,
180534,6653919,"이 곳은 의사한테 궁금한 걸 물어보면 바로 상담(가격, 치료기간)을 받을 수 있어서 좋아요. 다른곳은 상담을 받는게 부담스러운 데 이곳은 진짜 상담해주는 느낌!! 치료를 바로 빠르게 받을 수 있고, 야간 진료가 가능해서 직장인들도 편하게 올 수 있어서 너무 좋네요!!!",5,1,"안녕하세요! 좋은 후기글 너무나 감사합니다.
더 궁금하신 사항은 언제든지 02-6218-2822 전화주시면 보다 자세히 설명해드리겠습니다. 즐거운 하루 되세요. ^^ ",2019.09.02 17:13:37,,2019.08.28,jaim****,연세그랑스마일치과 진료 상담,연세그랑스마일치과의원,,false,"이 곳은 의사한테 궁금한 걸 물어보면 바로 상담(가격, 치료기간)을 받을 수 있어서 좋아요. 다른곳은 상담을 받는게 부담스러운 데 이곳은 진짜 상담해주는 느낌!! 치료를 바로 빠르게 받을 수 있고, 야간 진료가 가능해서 직장인들도 편하게 올 수 있어서 너무 좋네요!!!",
180534,6560565,친절하고 병원은 깔끔합니다.,5,1,"안녕하세요~ 소중한 리뷰 감사합니다!
다음에도 저희 치과 찾아주세요^^",2019.08.28 14:13:31,,2019.08.26,thin****,연세그랑스마일치과 진료 상담,연세그랑스마일치과의원,,false,친절하고 병원은 깔끔합니다.,
180534,6495441,좋아요 추천,5,1,"안녕하세요
추천 감사드립니다 ^^",2019.08.23 14:13:59,,2019.08.20,gson****,연세그랑스마일치과 진료 상담,연세그랑스마일치과의원,,false,좋아요 추천,
180534,6459568,스케일링 예약하고 다녀왔는데 친절하고 꼼꼼하게 잘 해주셨습니다!!:),5,1,"안녕하세요, 매년 스케일링 저희치과로 방문해주셔서 감사드립니다.
언제나 만족을 드리는 연세그랑스마일치과가 되겠습니다
좋은하루되세요^^",2019.08.21 19:37:53,,2019.08.20,gump****,연세그랑스마일치과 진료 상담,연세그랑스마일치과의원,,false,스케일링 예약하고 다녀왔는데 친절하고 꼼꼼하게 잘 해주셨습니다!!:),
180534,6469314,"기본적으로 친절하고 꼼꼼합니다. 근데 과잉진료 없는 부분이 마음에 드네요.

다른 치과에서는 인레이 두개에 다른 치아도 손대야 한다고 했는데 하나만 해도 된다고 깔끔하게 정리하시네요.",5,1,"안녕하세요~ 
과잉진료 없는 양심적인 치과를 목료로 진료하고 있습니다!
정확한 진단과 치료로 만족을 드리도록 노력하겠습니다.
소중한 리뷰 감사합니다 ^^",2019.08.21 19:39:26,,2019.08.20,aura****,연세그랑스마일치과 진료 상담,연세그랑스마일치과의원,,false,"기본적으로 친절하고 꼼꼼합니다. 근데 과잉진료 없는 부분이 마음에 드네요.

다른 치과에서는 인레이 두개에 다른 치아도 손대야 한다고 했는데 하나만 해도 된다고 깔끔하게 정리하시네요.",
180534,6457773,"빠른진료와 원장님도 언니들도 완전 친절하고 좋았어요~~무서움 사랑니발치도 순식간에 뽑아주시고 
레진도 잘받고 왔습니다~~~^^*신랑도 여기 데리고 가야겠어요~~완전 추천입니다",5,1,"안녕하세요~ 저희치과에 만족하셨다니 너무 기쁩니다!
소개로 오시는 분들도 더욱 꼼꼼히 진료해드리겠습니다
즐거운하루되세요^^",2019.08.21 19:36:53,,2019.08.20,pata****,연세그랑스마일치과 진료 상담,연세그랑스마일치과의원,,false,"빠른진료와 원장님도 언니들도 완전 친절하고 좋았어요~~무서움 사랑니발치도 순식간에 뽑아주시고 
레진도 잘받고 왔습니다~~~^^*신랑도 여기 데리고 가야겠어요~~완전 추천입니다",
180534,6327516,진료 꼼꼼하게 봐주셔서 잘 받고 왔어요^^,5,1,"안녕하세요~
소개로 방문해주셨는데 만족하셨다니 다행입니다!
다음 진료 예약 때 뵙겠습니다^^",2019.08.13 17:35:56,,2019.08.13,sun_****,연세그랑스마일치과 진료 상담,연세그랑스마일치과의원,,false,진료 꼼꼼하게 봐주셔서 잘 받고 왔어요^^,
180534,6316409,스케일링 당일 예약하고 다녀왔어요 꼼꼼하게 잘 해주셔서 좋았습니다!!,5,1,"안녕하세요~ 리뷰 남겨주셔서 감사합니다!
다음 스케일링때도 방문해주세요 :)",2019.08.13 17:35:23,,2019.08.12,cyki****,연세그랑스마일치과 진료 상담,연세그랑스마일치과의원,,false,스케일링 당일 예약하고 다녀왔어요 꼼꼼하게 잘 해주셔서 좋았습니다!!,
180534,6310975,"친절하고, 치료 확실히 해주시고, 과잉진료 절대 없고, 깨끗한 시설까지..! 완전 추천드려요!

- 김태형 원장님과 진관철 원장님께 신경치료랑 크라운 치료 받았습니다. 두 분 다 스펙과 경력이 너무 좋으셔서 환자의 고통 쯤엔 무뎌지시지 않았을까 싶었는데 끝까지 신경써 주셔서 아프지 않고 무섭지 않게 치료 너무 잘 받았습니다!

- 그리고 시설도 정말 깨끗하고 육안으로만 대충 보시지 않고 매번 엑스레이 촬영도 같이 진행해서 꼼꼼히 봐주셨어요! 요즘 의료사고 뉴스보면서 치료과정을 불신하시는 분들 많으실텐데 환자에게도 치료 과정과 결과를 보여주셔서 신뢰가 갔습니다!",5,1,"안녕하세요~ 저희 치과에 만족하셨다니 너무 기쁩니다!
불편한 곳 있으면 언제든지 연락주세요~
소중한 리뷰 감사합니다, 좋은하루되세요
^^",2019.08.13 17:34:29,,2019.08.09,rooi****,연세그랑스마일치과 진료 상담,연세그랑스마일치과의원,,false,"친절하고, 치료 확실히 해주시고, 과잉진료 절대 없고, 깨끗한 시설까지..! 완전 추천드려요!

- 김태형 원장님과 진관철 원장님께 신경치료랑 크라운 치료 받았습니다. 두 분 다 스펙과 경력이 너무 좋으셔서 환자의 고통 쯤엔 무뎌지시지 않았을까 싶었는데 끝까지 신경써 주셔서 아프지 않고 무섭지 않게 치료 너무 잘 받았습니다!

- 그리고 시설도 정말 깨끗하고 육안으로만 대충 보시지 않고 매번 엑스레이 촬영도 같이 진행해서 꼼꼼히 봐주셨어요! 요즘 의료사고 뉴스보면서 치료과정을 불신하시는 분들 많으실텐데 환자에게도 치료 과정과 결과를 보여주셔서 신뢰가 갔습니다!",
180534,5966406,"예약 하고 가니 대기시간도 없었고 
스케일링과 충치치료 모두 통증 없이 잘 받았습니다.
회사 근처라 방문했는데 앞으로도 치과는 여기로 갈것 같아요^^",5,1,"안녕하세요, 다시찾아주셔서 감사드립니다.
정성 껏 치료해드리겠습니다.  좋은하루되세요^^",2019.07.24 15:29:33,,2019.07.24,hjw1****,연세그랑스마일치과 진료 상담,연세그랑스마일치과의원,,false,"예약 하고 가니 대기시간도 없었고 
스케일링과 충치치료 모두 통증 없이 잘 받았습니다.
회사 근처라 방문했는데 앞으로도 치과는 여기로 갈것 같아요^^",
180534,5943820,친절하고 어떤 치료를 받는지에 대한 설명도 잘 해주셨어요,4,1,"안녕하세요~ 저희치과를 방문해주셔서 감사합니다,
최선을 다하여 진료해드리겠습니다^^
",2019.07.23 15:14:22,,2019.07.22,hjw1****,연세그랑스마일치과 진료 상담,연세그랑스마일치과의원,,false,친절하고 어떤 치료를 받는지에 대한 설명도 잘 해주셨어요,
180534,5990717,충치치료하기위해 방문했습니다~ 원장님 친절하시고 과잉진료없고 스케일링이랑 원하던 충치치료 아프지않게 잘했어요~ 불편감없는지 바로바로 얘기하면 다시해주시고 긴장많이했었는데 편하게 치료받아 좋았습니다!^^,5,1,"안녕하세요~
저희치과는 과잉진료없는 정확한 진단과 치료를 위해 최선을 다하고있습니다. 앞으로도 만족을 드릴 수 있는 치과가 되도록 노력하겠습니다!
감사합니다^^
",2019.07.26 17:37:03,,2019.07.22,shh3****,연세그랑스마일치과 진료 상담,연세그랑스마일치과의원,,false,충치치료하기위해 방문했습니다~ 원장님 친절하시고 과잉진료없고 스케일링이랑 원하던 충치치료 아프지않게 잘했어요~ 불편감없는지 바로바로 얘기하면 다시해주시고 긴장많이했었는데 편하게 치료받아 좋았습니다!^^,
180534,5811507,편안하게 치료와 스케일링 모두 잘 해주세요. 감사합니다.,5,1,"안녕하세요, 항상 저희 치과를 찾아주셔서 감사합니다!
앞으로 치아 관리 잘 하시고, 다음 스케일링 때 또 방문해주세요^^

",2019.07.15 09:57:40,,2019.07.13,syno****,연세그랑스마일치과 진료 상담,연세그랑스마일치과의원,,false,편안하게 치료와 스케일링 모두 잘 해주세요. 감사합니다.,
180534,5786444,"아래쪽 사랑니가 너무아파서 당일 저녁 예약하고 갔어요
사진찍어보고 바로 발치가능하다고 하셨고 순식간에 끝났네요
사랑니 발치 아픈건 어쩔수 없는거고,,, 과잉진료없이 친절하게 해주셨어요
감사합니다,",4,1,"안녕하세요, 완전매복사랑니 발치 하였는데 
진료에 만족하셨다니 기쁩니다! 주의사항 잘 지켜주시고
통증 없어도 처방 약 모두 복용해주세요^^",2019.07.11 14:27:51,,2019.07.10,mrkm****,연세그랑스마일치과 진료 상담,연세그랑스마일치과의원,,false,"아래쪽 사랑니가 너무아파서 당일 저녁 예약하고 갔어요
사진찍어보고 바로 발치가능하다고 하셨고 순식간에 끝났네요
사랑니 발치 아픈건 어쩔수 없는거고,,, 과잉진료없이 친절하게 해주셨어요
감사합니다,",
180534,5781105,"과잉 진료도 안하시고 의사 선생님, 간호사님들 모두 친절하세요! 회사랑 가까워서 한번 갔다가 만족스러워서 그 후 치통 있을때마다 방문합니다.",5,1,"안녕하세요! 칭찬해주셔서 감사합니다^^
더욱 발전하는 연세그랑스마일치과가 되겠습니다~",2019.07.11 10:12:51,,2019.07.10,rach****,연세그랑스마일치과 진료 상담,연세그랑스마일치과의원,,false,"과잉 진료도 안하시고 의사 선생님, 간호사님들 모두 친절하세요! 회사랑 가까워서 한번 갔다가 만족스러워서 그 후 치통 있을때마다 방문합니다.",
180534,5676768,참좋습니다,5,1,"안녕하세요~
치아 관리 잘해주시고 , 불편한 점 있으면 언제든지 연락주세요^^",2019.07.03 12:43:28,,2019.07.02,epij****,연세그랑스마일치과 진료 상담,연세그랑스마일치과의원,,false,참좋습니다,
180534,5670045,친절하게 잘 설명해주시고 필요한 치료만 말씀해주셔서 좋았어요,5,1,"안녕하세요, 치료에 만족하셨다니 너무 기쁩니다!
항상 정직하게 진료하는 치과가 되겠습니다.
좋은하루되세요^^",2019.07.02 11:07:28,,2019.07.01,yeji****,연세그랑스마일치과 진료 상담,연세그랑스마일치과의원,,false,친절하게 잘 설명해주시고 필요한 치료만 말씀해주셔서 좋았어요,
180534,5668505,스케일링 안 아프게 잘했어요!,5,1,"안녕하세요! 
앞으로 치아 관리 잘 하시고,  다음 스케일링 때 또 방문해주세요^^",2019.07.02 11:10:21,,2019.07.01,yjch****,연세그랑스마일치과 진료 상담,연세그랑스마일치과의원,,false,스케일링 안 아프게 잘했어요!,
180534,5605190,"스케일링 너무 안 아프게 잘 받았어요~
또 방문 예정입니다!",5,1,"안녕하세요!
다음 내원 시에도 만족을 드릴 수 있는
연세그랑스마일치과가 되도록 노력하겠습니다~
좋은하루되세요^^
",2019.06.29 10:13:31,,2019.06.27,usun****,연세그랑스마일치과 진료 상담,연세그랑스마일치과의원,,false,"스케일링 너무 안 아프게 잘 받았어요~
또 방문 예정입니다!",
180534,5507803,좋아요!!!,5,1,"안녕하세요, 진료에 만족하셨다니 기쁩니다!
즐거운 하루 되세요 ^^",2019.06.19 19:36:29,,2019.06.19,mso_****,연세그랑스마일치과 진료 상담,연세그랑스마일치과의원,,false,좋아요!!!,
180534,5503131,다 좋은데 교정할거라 일부러 회사근처로 치과 잡았는데 치료 시작 시간 때가 출근시간이랑 겹쳐서 쉬는 날 나와야하네요;;; 좀 더 일찍 시작할수 있음 좋을 것 같아요ㅎ,4,1,"안녕하세요~ 
소중한 의견 적극 반영하도록 하겠습니다.
월요일  방문시, 보다 자세한 안내 도와드리겠습니다.
예약일에 뵙겠습니다 ^^
",2019.06.19 19:35:23,,2019.06.18,bako****,연세그랑스마일치과 진료 상담,연세그랑스마일치과의원,,false,다 좋은데 교정할거라 일부러 회사근처로 치과 잡았는데 치료 시작 시간 때가 출근시간이랑 겹쳐서 쉬는 날 나와야하네요;;; 좀 더 일찍 시작할수 있음 좋을 것 같아요ㅎ,
180534,5426475,"스케일링 잘 하고 왔습니다
가글 마취 하고 하니 아프지도 않네요",5,1,"안녕하세요, 가글마취는 진료비에 포함되지않은
서비스로 진행해드리고 있으니, 다음 스케일링때에도 
방문해주시면 더욱 신경써서 잘해드리도록 하겠습니다!
즐거운 하루 되세요^^",2019.06.13 15:09:42,,2019.06.12,gogd****,연세그랑스마일치과 진료 상담,연세그랑스마일치과의원,,false,"스케일링 잘 하고 왔습니다
가글 마취 하고 하니 아프지도 않네요",
180534,5423946,좋아요 방문추천,5,1,"안녕하세요~ 저희 치과를 추천해주셔서 감사합니다!
언제나 만족을 드릴 수 있는 치과가 되도록 노력하겠습니다 :)",2019.06.13 15:08:25,,2019.06.12,urti****,연세그랑스마일치과 진료 상담,연세그랑스마일치과의원,,false,좋아요 방문추천,
180534,5414114,스켈링 깔끔하게 잘 해주셨어여  스켈링도 마취하니 좋네요,5,1,"안녕하세요, 내년 스케일링 받으실 때 되면
문자알림 전송 해드릴게요! 더욱 꼼꼼히 해드리겠습니다,다음에도 방문 해주세요^_^",2019.06.13 15:06:16,,2019.06.11,jaeh****,연세그랑스마일치과 진료 상담,연세그랑스마일치과의원,,false,스켈링 깔끔하게 잘 해주셨어여  스켈링도 마취하니 좋네요,
180534,5405867,사랑니 뽑으러 갔는데 넘 무섭죠 ㅠ 그래도 다들 아주 친절하시고 불편없는지 물어봐주시고 안심시키기 위해 설명도 잘해주셔서 덜 무서운것같아요!,4,1,"안녕하세요~
사랑니발치는 아무래도 무서운진료로 생각하시고 많은 환자분들께서 두려워하는마음으로 내원하시는데요,
덜 무서우셨다고 하니 다행입니다!
주의사항 잘 지켜주시고, 실밥제거 예약 일에 뵙겠습니다^^
",2019.06.11 18:54:34,,2019.06.10,insp****,연세그랑스마일치과 진료 상담,연세그랑스마일치과의원,,false,사랑니 뽑으러 갔는데 넘 무섭죠 ㅠ 그래도 다들 아주 친절하시고 불편없는지 물어봐주시고 안심시키기 위해 설명도 잘해주셔서 덜 무서운것같아요!,
180534,5243598,"너무너무 친절하고 좋았습니다 
다음에도 재방문할거예요",5,1,"안녕하세요, 내원해주셔서 감사합니다
앞으로도 더욱 더 좋은 진료서비스로 찾아뵙겠습니다^^
",2019.05.31 16:23:01,,2019.05.30,abe8****,연세그랑스마일치과 진료 상담,연세그랑스마일치과의원,,false,"너무너무 친절하고 좋았습니다 
다음에도 재방문할거예요",
180534,5283843,친절하게 대응해주셔서 좋았습니다,5,1,"안녕하세요, 진료에 만족하셨다니 기쁩니다
즐거운 하루 되세요^-^
",2019.06.03 20:05:16,,2019.05.28,hjh0****,연세그랑스마일치과 진료 상담,연세그랑스마일치과의원,,false,친절하게 대응해주셔서 좋았습니다,
180534,5107194,친절하시고 스케일링 너무 잘해주셨습니다 ^^,5,1,"안녕하세요, 항상 친절하고 꼼꼼하게 진료 해 드리겠습니다
감사합니다~!",2019.05.20 12:38:12,,2019.05.18,chja****,연세그랑스마일치과 진료 상담,연세그랑스마일치과의원,,false,친절하시고 스케일링 너무 잘해주셨습니다 ^^,
180534,5059134,감사합니다,5,1,"안녕하세요~다음 내원 시에도 만족을 드릴 수 있는
연세그랑스마일치과가 되도록 노력하겠습니다~",2019.05.20 12:35:55,,2019.05.13,wise****,연세그랑스마일치과 진료 상담,연세그랑스마일치과의원,,false,감사합니다,
180534,5014696,좋았어요 친절하고,5,1,"안녕하세요, 스케일링 꼼꼼하게 해드린다고 했는데
만족하셨다니 다행입니다~
항상 최선을 다하겠습니다^^",2019.05.13 11:41:18,,2019.05.10,wow1****,연세그랑스마일치과 진료 상담,연세그랑스마일치과의원,,false,좋았어요 친절하고,
180534,5012525,친절합니다.,5,1,"안녕하세요, 진료에 만족하셨다니 기쁩니다
즐거운 하루 되세요^^",2019.05.13 11:40:25,,2019.05.10,getu****,연세그랑스마일치과 진료 상담,연세그랑스마일치과의원,,false,친절합니다.,
180534,4686910,퇴근 후 진료가능해서 너무 좋아요~ㅎㅎ,5,1,"안녕하세요, 저희치과는 월,수,목 저녁9시까지 진료하고있으니
언제든지 편하게 예약 후 내원해주세요^^
",2019.04.12 15:52:47,,2019.04.10,seon****,연세그랑스마일치과 진료 상담,연세그랑스마일치과의원,,false,퇴근 후 진료가능해서 너무 좋아요~ㅎㅎ,
180534,4676401,"친절하게 설명해 주시면서 진료해 주시고, 상담도 친절하세요.",5,1,"안녕하세요~다시 뵙게되어 반가웠습니다
최선을 다하여 진료 해 드리겠습니다.^^
",2019.04.10 20:54:50,,2019.04.09,aspe****,연세그랑스마일치과 진료 상담,연세그랑스마일치과의원,,false,"친절하게 설명해 주시면서 진료해 주시고, 상담도 친절하세요.",
180534,4632550,친절하고 빠르고 좋았어요~,5,1,"안녕하세요~저희 치과를 찾아주셔서 감사합니다.
앞으로도 정성 껏 치료해드리겠습니다
즐거운 하루 되세요^^",2019.04.05 15:26:24,,2019.04.05,milo****,연세그랑스마일치과 진료 상담,연세그랑스마일치과의원,,false,친절하고 빠르고 좋았어요~,
180534,4622504,"이전에 사랑니 발치한 치과에서 너무 아프고 멍이 생길만큼 힘들었어서 큰 맘 먹고 이 치과를 찾았어요! 근데 정말 금방 뽑기도했고 하나도 안아팠어요! 다행이니다~

그런데 전화를 잘안받아요ㅠ
인원이 그다지 없는건지.. 전화통화가 좀 힘들어요ㅠ",4,1,"안녕하세요, 연세그랑스마일치과입니다.
사랑니 발치 후 만족하셨다니 정말 기쁩니다^^
전화연결 시 불편을 느끼셨다니 죄송합니다.
진료시간 내 전화연결은 최대한 빠르게 응답하도록 노력하고있는데
부족했었나 봅니다.
더욱 신경쓰도록 하여 불편이 없게 하겠습니다♥
좋은하루되세요~",2019.04.04 10:18:39,,2019.04.03,jina****,연세그랑스마일치과 진료 상담,연세그랑스마일치과의원,,false,"이전에 사랑니 발치한 치과에서 너무 아프고 멍이 생길만큼 힘들었어서 큰 맘 먹고 이 치과를 찾았어요! 근데 정말 금방 뽑기도했고 하나도 안아팠어요! 다행이니다~

그런데 전화를 잘안받아요ㅠ
인원이 그다지 없는건지.. 전화통화가 좀 힘들어요ㅠ",
180534,4556487,"빠르게 치료 받았어요~ 의사, 간호사 분들 모두 엄청 친절하고 상담도 여러 방향으로 설명해주셔서 좋았어요!",4,1,"안녕하세요, 저희 연세그랑스마일치과를 방문해주셔서 감사합니다
최선을 다해서  치료해드리겠습니다.^^",2019.03.29 14:20:01,,2019.03.26,jaim****,연세그랑스마일치과 진료 상담,연세그랑스마일치과의원,,false,"빠르게 치료 받았어요~ 의사, 간호사 분들 모두 엄청 친절하고 상담도 여러 방향으로 설명해주셔서 좋았어요!",
180534,4549114,"회사와 가까워서 찾았는데 원장님 비롯해서 모두 친절하십니다.
교정하느냐 다녔던 강남 치과는 한 달 전 예약해도 기본 1시간 반은 기다렸어야 하는데 
여기는 예약한 시간에 진료 받을 수 있어서 좋아요.",5,1,"안녕하세요, 재방문 해주셔서 너무나 감사합니다.
예약한 시간에 진료받을 수 있도록 최선을 다하여 진료하겠습니다!
즐거운 하루 되세요^^",2019.03.27 11:34:20,,2019.03.25,kma0****,연세그랑스마일치과 진료 상담,연세그랑스마일치과의원,,false,"회사와 가까워서 찾았는데 원장님 비롯해서 모두 친절하십니다.
교정하느냐 다녔던 강남 치과는 한 달 전 예약해도 기본 1시간 반은 기다렸어야 하는데 
여기는 예약한 시간에 진료 받을 수 있어서 좋아요.",
180534,4509704,"카카오톡으로 상담도 가능하고, 네이버 예약까지 아주 편리하게 이용했습니다.

스케일링도 꼼꼼하게 잘해주시고,
치과 치료도 과하지 않게 원하는 부위만
시술해주셔서 좋았네요.",5,1,"안녕하세요, 저희 치과를 방문해주셔서 감사드립니다
저희 치과 시스템에 대해 만족하셨다니 정말 다행입니다 
치아관리 잘 해주시고, 즐거운 하루되세요^^",2019.03.23 11:07:50,,2019.03.22,rese****,연세그랑스마일치과 진료 상담,연세그랑스마일치과의원,,false,"카카오톡으로 상담도 가능하고, 네이버 예약까지 아주 편리하게 이용했습니다.

스케일링도 꼼꼼하게 잘해주시고,
치과 치료도 과하지 않게 원하는 부위만
시술해주셔서 좋았네요.",
180534,4549095,친절해요bb,5,1,"소중한 리뷰 감사합니다 ♥
다음 예약 때 뵙겠습니다~",2019.03.27 11:32:55,,2019.03.18,kma0****,연세그랑스마일치과 진료 상담,연세그랑스마일치과의원,,false,친절해요bb,
180534,4449206,예약시간 맞춰 진료가능해서 좋아요~,5,1,"안녕하세요, 소중한 리뷰 너무나 감사합니다 ^^
편안하고 편리한 치과가 되도록 노력하겠습니다!",2019.03.19 12:40:40,,2019.03.12,seon****,연세그랑스마일치과 진료 상담,연세그랑스마일치과의원,,false,예약시간 맞춰 진료가능해서 좋아요~,
180534,4303555,친절하고 좋아요~,5,1,"안녕하세요, 내원해주셔서 감사합니다
앞으로도 더욱 더 좋은 진료서비스로 찾아뵙겠습니다 ^^
",2019.03.02 11:42:25,,2019.02.27,seon****,연세그랑스마일치과 진료 상담,연세그랑스마일치과의원,,false,친절하고 좋아요~,
180534,4184949,친절하고 좋았어요,5,1,"안녕하세요, 저희치과를 방문해주셔서 감사합니다
늘 환자와 소통하며 진료하도록 최선을 다하겠습니다~
즐거운 주말 보내세요^^",2019.02.16 12:35:39,,2019.02.15,jong****,연세그랑스마일치과 진료 상담,연세그랑스마일치과의원,,false,친절하고 좋았어요,
180534,4167563,"스케일링 하러갔는데 추가비용 안내도 없이 엑스레이찍자고 하시더니 비용추가로 받으시더라요.. 작년에 스케일링한 치과에서는 엑스레이 찍고 비용 안받아서 좀 충격받았습니다. 

계산할때 추가비용 안내 못받았다고 하자 엑스레이찍으면 당연히 추가된다고 비용 결재하더라구요.

병원입장에서는 당연한거지만 1년에 한번 치과갈까말까 하는 환자 입장에서는 당연한거 아닙니다.. 

미리 안내했다면 몇천원되는 돈 기분좋게 냈겠지만 생각지도 못하게 추가비용을 내게되서 기분이 나쁘네요. 알게모르게 진료비 높이는 꼼수?로 보이기도하고요  앞으로 참고해주시면 감사하겠습니다.",1,1,"안녕하세요, 연세그랑스마일치과입니다.
스케일링 후 전체검진결과 의심되는 질환이있어, 부분엑스레이 촬영을
권유드렸는데 정확한 비용안내 없이 진행하여  죄송합니다.
세심한 조언 감사드리며 앞으로 더욱 환자분들의 입장에서 생각할 수 있는 연세그랑스마일치과가 되도록 노력하겠습니다
",2019.02.13 19:38:57,,2019.02.13,hkwa****,연세그랑스마일치과 진료 상담,연세그랑스마일치과의원,,false,"스케일링 하러갔는데 추가비용 안내도 없이 엑스레이찍자고 하시더니 비용추가로 받으시더라요.. 작년에 스케일링한 치과에서는 엑스레이 찍고 비용 안받아서 좀 충격받았습니다. 

계산할때 추가비용 안내 못받았다고 하자 엑스레이찍으면 당연히 추가된다고 비용 결재하더라구요.

병원입장에서는 당연한거지만 1년에 한번 치과갈까말까 하는 환자 입장에서는 당연한거 아닙니다.. 

미리 안내했다면 몇천원되는 돈 기분좋게 냈겠지만 생각지도 못하게 추가비용을 내게되서 기분이 나쁘네요. 알게모르게 진료비 높이는 꼼수?로 보이기도하고요  앞으로 참고해주시면 감사하겠습니다.",
180534,4072204,친절하고좋으네요,5,1,"안녕하세요, 소중한 리뷰 감사합니다~
더욱더 환자에게 친절하고 정직한 진료로 찾아뵙겠습니다 :)",2019.02.02 11:47:45,,2019.02.01,myse****,연세그랑스마일치과 진료 상담,연세그랑스마일치과의원,,false,친절하고좋으네요,
180534,4067843,깔끔한 스케일링 감사합니다!!,5,1,"안녕하세요, 다음 스케일링시기에도 저희 치과 방문해주시면
더욱더 신경써서 잘 해드리도록 하겠습니다, 좋은 하루 되세요^^",2019.02.02 11:47:07,,2019.01.30,daso****,연세그랑스마일치과 진료 상담,연세그랑스마일치과의원,,false,깔끔한 스케일링 감사합니다!!,
180534,4128443,"동료소개로 갔는데요 과잉진료 전혀없고 
의사쌤이랑 간호사님 굉장히 친절하세요~",3,1,"안녕하세요, 저희치과를 방문해주셔서 감사합니다 ^^
언제나 만족을 드리는 연세그랑스마일치과가 되겠습니다!
불편한 점 있으면 언제든지 방문해주세요~ ",2019.02.11 12:12:00,,2019.01.30,kimd****,연세그랑스마일치과 진료 상담,연세그랑스마일치과의원,,false,"동료소개로 갔는데요 과잉진료 전혀없고 
의사쌤이랑 간호사님 굉장히 친절하세요~",
180534,4127829,동네치과에서 사랑니 옆의 멀쩡한 이빨을 발치하고 임플란트를 해야하며 엄청난 대수술이 될 수도 있다는 진단을 받은 뒤 이상하여 수소문 끝에 이 치과를 알게 되고 방문하게 되었는데요. 파노라마 촬영 후 전혀 다른 진단을 내려주시고 짧은 설명 뒤 마취를 한지 5분도 채 되지 않아 매복 사랑니를 발치했습니다. 뽑고 나서 어이가 없더라구요. 붓지도 않았습니다. 애프터케어도 확실하게 해주셔서 현재는 잘 아물고 생활하고 있고요. 이제는 치과라면 덮어두고 이곳만 추천하고 있습니다. 만약 다른 곳에서 의심가는 진단을 받으신 분들도 꼭 한번 이곳으로 오셔서 재차 확인 후에 진행해보시라고 권유해보고 싶네요. 생으로 큰 돈이 깨질뻔했는데 저렴한 값에 훌륭한 치료를 받게 되어 정말 감사합니다. 앞으로는 여기로만 다니려구요.,5,1,"안녕하세요~ 타치과방문보다 저희치과에 만족하셨다니 너무 기쁘고 
뿌듯합니다.
앞으로도 정확한 진단으로 환자를 위하는 치과가 되도록 노력하겠습니다.  소중한 리뷰 너무나 감사드립니다.
즐거운 하루되세요^^
",2019.02.11 11:53:34,,2019.01.30,honp****,연세그랑스마일치과 진료 상담,연세그랑스마일치과의원,,false,동네치과에서 사랑니 옆의 멀쩡한 이빨을 발치하고 임플란트를 해야하며 엄청난 대수술이 될 수도 있다는 진단을 받은 뒤 이상하여 수소문 끝에 이 치과를 알게 되고 방문하게 되었는데요. 파노라마 촬영 후 전혀 다른 진단을 내려주시고 짧은 설명 뒤 마취를 한지 5분도 채 되지 않아 매복 사랑니를 발치했습니다. 뽑고 나서 어이가 없더라구요. 붓지도 않았습니다. 애프터케어도 확실하게 해주셔서 현재는 잘 아물고 생활하고 있고요. 이제는 치과라면 덮어두고 이곳만 추천하고 있습니다. 만약 다른 곳에서 의심가는 진단을 받으신 분들도 꼭 한번 이곳으로 오셔서 재차 확인 후에 진행해보시라고 권유해보고 싶네요. 생으로 큰 돈이 깨질뻔했는데 저렴한 값에 훌륭한 치료를 받게 되어 정말 감사합니다. 앞으로는 여기로만 다니려구요.,
180534,4042066,꼼꼼하고 친절하세요^^,5,1,"안녕하세요^^ 진료에 만족하셨다니 너무 기쁩니다!
정기검진 때 뵙겠습니다~
즐거운 하루 되세요! ",2019.01.29 15:25:16,,2019.01.28,mite****,연세그랑스마일치과 진료 상담,연세그랑스마일치과의원,,false,꼼꼼하고 친절하세요^^,
180534,4004629,간호사분이 말을 친절하고 이쁘게 해주셔서 무사히 편안히 잘 치료 받았습니다 ~ !!,5,1,"안녕하세요, 칭찬해주셔서 감사합니다 ^^
더욱 만족을 드리는 연세그랑스마일치과가 되겠습니다!
다음 예약일에 뵙겠습니다, 좋은하루되세요~",2019.01.25 16:03:03,,2019.01.24,hb42****,연세그랑스마일치과 진료 상담,연세그랑스마일치과의원,,false,간호사분이 말을 친절하고 이쁘게 해주셔서 무사히 편안히 잘 치료 받았습니다 ~ !!,
180534,3998361,친절하시고 빠르게진행됐어요,5,1,"안녕하세요, 앞으로도 더욱 친절하고 정확한 진료로 찾아뵙겠습니다~",2019.01.24 17:40:39,,2019.01.23,subs****,연세그랑스마일치과 진료 상담,연세그랑스마일치과의원,,false,친절하시고 빠르게진행됐어요,
180534,3982387,친절하고 좋은진료받았습니다! 감사합니다,5,1,"안녕하세요! 치과진료에 만족하셨다니 저희가 더 감사합니다.
정기검진 때 뵙겠습니다^^",2019.01.24 15:12:16,,2019.01.21,hyun****,연세그랑스마일치과 진료 상담,연세그랑스마일치과의원,,false,친절하고 좋은진료받았습니다! 감사합니다,
180534,3989654,"동네 치과에서 검진 받았었는데 예상한거보다 비용이 많이 나와서 좀 더 치과 알아보다가 지인 분 추천으로 가게됐습니다~
편리하게 네이버로 예약이 가능하더라구요~
네이버로 예약하고 지난주 토요일 오전에 내원해서 진료 받았습니다~

엑스레이 촬영하고 안경쓰신 원장님께서 봐주셨는데 꼼꼼하게 신경써서 검진해주셨어요
제 증상이 찬물을 마시면 이가 시리다고 이 부분 설명드렸는데 치아 하나하나에 기계로 바람 불어가면서 괜찮은지 상세히 설명해주셔서 좋았습니다 ㅎㅎ
검진받고 비용도 괜찮아서 진료 바로 받았네요
치석도 좀 생겨서 스켈링도 같이 받았습니다~
동네에서 받은 견적보다 저렴하게 치료해서 좋았네요 ^^

다음에는 와이프랑 같이 갈게요~",5,1,"안녕하세요, 정성스러운 리뷰 남겨주셔서 너무 감사합니다
앞으로도 환자를 위한 치과가 되도록 노력하겠습니다^^",2019.01.24 17:39:28,https://naverbooking-phinf.pstatic.net/20190122_136/1548153160606yzefp_JPEG/KakaoTalk_20190121_105701454.jpg,2019.01.19,thec****,연세그랑스마일치과 진료 상담,연세그랑스마일치과의원,,false,"동네 치과에서 검진 받았었는데 예상한거보다 비용이 많이 나와서 좀 더 치과 알아보다가 지인 분 추천으로 가게됐습니다~
편리하게 네이버로 예약이 가능하더라구요~
네이버로 예약하고 지난주 토요일 오전에 내원해서 진료 받았습니다~

엑스레이 촬영하고 안경쓰신 원장님께서 봐주셨는데 꼼꼼하게 신경써서 검진해주셨어요
제 증상이 찬물을 마시면 이가 시리다고 이 부분 설명드렸는데 치아 하나하나에 기계로 바람 불어가면서 괜찮은지 상세히 설명해주셔서 좋았습니다 ㅎㅎ
검진받고 비용도 괜찮아서 진료 바로 받았네요
치석도 좀 생겨서 스켈링도 같이 받았습니다~
동네에서 받은 견적보다 저렴하게 치료해서 좋았네요 ^^

다음에는 와이프랑 같이 갈게요~",https://naverbooking-phinf.pstatic.net/20190122_30/1548153160231kgW60_PNG/20190118_175910.png
180534,3808191,"의사선생님과 간호사 언니들도 친절하시고, 다른 곳에 비해 사랑니 엄청 빠르게 잘 뽑았습니다 :)",5,1,"안녕하세요,매복되어 있어 신경선에 근접한 난이도 높은 케이스였음에도  만족하신다니  감사합니다!
다음 예약 때 뵙겠습니다^^

",2019.01.08 15:53:48,,2018.12.31,enge****,연세그랑스마일치과 진료 상담,연세그랑스마일치과의원,,false,"의사선생님과 간호사 언니들도 친절하시고, 다른 곳에 비해 사랑니 엄청 빠르게 잘 뽑았습니다 :)",
180534,3647431,선생님들 모두 항상 친절하셔서 감사드려요!!!!!,5,1,"안녕하세요, 교정치료 후에도 일반진료로 찾아주셔서 저희가 더 감사해요!  더욱 더 친절하고  정확한 진료로 찾아뵙겠습니다 ^^",2018.12.12 18:32:59,,2018.12.10,boku****,연세그랑스마일치과 진료 상담,연세그랑스마일치과의원,,false,선생님들 모두 항상 친절하셔서 감사드려요!!!!!,
180534,3465631,친절하고 빠르게 치료 해주셨습니다 :),5,1,"안녕하세요, 저희병원을 찾아주셔서 감사합니다.
앞으로도 친절하고 양심적인 진료로 찾아뵙겠습니다~ ^^",2018.11.20 18:01:04,,2018.11.14,ksan****,연세그랑스마일치과 진료 상담,연세그랑스마일치과의원,,false,친절하고 빠르게 치료 해주셨습니다 :),
180534,3460816,회사도 가깝고 친절해서 좋아요:),5,1,"안녕하세요, 내원해주셔서 감사합니다. ^^
저희 직원들은 친절을 기본으로 진료를 하고있습니다.
더욱 더 좋은 진료로 보답하겠습니다!",2018.11.14 12:37:27,,2018.11.13,hope****,연세그랑스마일치과 진료 상담,연세그랑스마일치과의원,,false,회사도 가깝고 친절해서 좋아요:),
180534,3410636,"네이버로 치과 리스트업 해서 살펴보다가 네이버예약도 되고 
치과 내,외부도 깔끔해 보여 초이스했습니다. 
예약가능 시간 리스트를 볼 수 있어 좋았고 맞는 시간 예약후 내원했습니다
스케일링 시술 중간중간 제가 어디 불편하진 않는지 통증이 심하진 않는지 계속 물어봐주는 꼼꼼함이 좋았고 친절함에 감사했습니다
시술 전과 도중 후 까지 끝없이 환자와 소통하려는 노력을 보인 이 병원 만족스럽습니다",5,1,"안녕하세요,저희 치과에 오셔서 만족하셨다니 정말 감사합니다~
늘 환자와 소통하며 진료하도록 최선을 다하겠습니다. ",2018.11.06 17:21:48,,2018.11.06,erot****,연세그랑스마일치과 진료 상담,연세그랑스마일치과의원,,false,"네이버로 치과 리스트업 해서 살펴보다가 네이버예약도 되고 
치과 내,외부도 깔끔해 보여 초이스했습니다. 
예약가능 시간 리스트를 볼 수 있어 좋았고 맞는 시간 예약후 내원했습니다
스케일링 시술 중간중간 제가 어디 불편하진 않는지 통증이 심하진 않는지 계속 물어봐주는 꼼꼼함이 좋았고 친절함에 감사했습니다
시술 전과 도중 후 까지 끝없이 환자와 소통하려는 노력을 보인 이 병원 만족스럽습니다",
180534,3383094,친절하고 스케일링도 잘해주셨습니다,5,1,"안녕하세요, 내원해주셔서 감사합니다
앞으로도 더욱 더 좋은 진료서비스로 찾아뵙겠습니다^^",2018.11.06 11:59:37,,2018.11.02,oasi****,연세그랑스마일치과 진료 상담,연세그랑스마일치과의원,,false,친절하고 스케일링도 잘해주셨습니다,
180534,3234677,감사합니다.,5,1,,,,2018.10.10,y7ho****,연세그랑스마일치과 진료 상담,연세그랑스마일치과의원,,false,감사합니다.,
180534,3214541,과잉진료 없는거 같고 좋았지만 스케일링은 해봤던 치과 중 역대급으로 아팠어요ㅠㅠ치료는 또 받으러가겠지만 스케일링은 .... 다른 치과로^^;,5,1,,,,2018.10.08,jump****,연세그랑스마일치과 진료 상담,연세그랑스마일치과의원,,false,과잉진료 없는거 같고 좋았지만 스케일링은 해봤던 치과 중 역대급으로 아팠어요ㅠㅠ치료는 또 받으러가겠지만 스케일링은 .... 다른 치과로^^;,
180534,3192701,"예약했더니 대기시간도 없었고
교통도 좋고 시설도 좋아요
스케일링하고 미백상담받는것도
의사선생님이 치아상태보시고
답변주셔서 좋았고
과도하게 무조건하라고
강매하는것없이
솔직하게 상담해주셔서 좋았어요
점심시간피해서 1시까지 진료를 보니
심미치료외에 다른 치료때도 
들러야겠어요~",5,1,,,,2018.10.05,cyth****,연세그랑스마일치과 진료 상담,연세그랑스마일치과의원,,false,"예약했더니 대기시간도 없었고
교통도 좋고 시설도 좋아요
스케일링하고 미백상담받는것도
의사선생님이 치아상태보시고
답변주셔서 좋았고
과도하게 무조건하라고
강매하는것없이
솔직하게 상담해주셔서 좋았어요
점심시간피해서 1시까지 진료를 보니
심미치료외에 다른 치료때도 
들러야겠어요~",
180534,3192663,친절하게 잘해주세요,5,1,,,,2018.10.05,tndu****,연세그랑스마일치과 진료 상담,연세그랑스마일치과의원,,false,친절하게 잘해주세요,
180534,3176055,늘 친절한 그랑스마일치과 좋아요^^,5,1,,,,2018.10.02,twen****,연세그랑스마일치과 진료 상담,연세그랑스마일치과의원,,false,늘 친절한 그랑스마일치과 좋아요^^,
180534,3161637,"깔끔하고, 친절하고, 같은건으로 두군데 견적받았는데 과잉진료 없이 해주신것같습니다.  믿음갑니다.예약먼저하고 가셔요.^^",5,1,,,,2018.09.29,lipr****,연세그랑스마일치과 진료 상담,연세그랑스마일치과의원,,false,"깔끔하고, 친절하고, 같은건으로 두군데 견적받았는데 과잉진료 없이 해주신것같습니다.  믿음갑니다.예약먼저하고 가셔요.^^",
180534,3157690,깔끔하고 친절합니다,4,1,,,,2018.09.27,jaeh****,연세그랑스마일치과 진료 상담,연세그랑스마일치과의원,,false,깔끔하고 친절합니다,
180534,3130559,"라미네이트가 떨어져서 가지고 갔는데 정말 친절하게 잘 해주셨어요. 여기서 한 부분이 아닌 건데도 잘 해주셔서 감사드려요~참, 여기 라미네이트도 잘해요ㅋㅋ 공휴일인데도 감사하게 진료해 주신 병원 관계자 여러분 감사합니다.",5,1,,,,2018.09.26,twen****,연세그랑스마일치과 진료 상담,연세그랑스마일치과의원,,false,"라미네이트가 떨어져서 가지고 갔는데 정말 친절하게 잘 해주셨어요. 여기서 한 부분이 아닌 건데도 잘 해주셔서 감사드려요~참, 여기 라미네이트도 잘해요ㅋㅋ 공휴일인데도 감사하게 진료해 주신 병원 관계자 여러분 감사합니다.",
180534,3099636,예전에 다른 곳에서 충치치료를 받았었는데 그때는 통증이 너무 심해서 말할 때마다 아팠었는데 여기는 치료도 친절하게 해주시고 치료 후에 집에 왔을 때에도 통증이 전에 했던 곳보다 덜해서 만족합니다!,5,1,,,2018.09.20,sjbl****,연세그랑스마일치과 진료 상담,연세그랑스마일치과의원,,false,예전에 다른 곳에서 충치치료를 받았었는데 그때는 통증이 너무 심해서 말할 때마다 아팠었는데 여기는 치료도 친절하게 해주시고 치료 후에 집에 왔을 때에도 통증이 전에 했던 곳보다 덜해서 만족합니다!,,
180534,3056956,"퇴근하고 예약해서 충치치료 받고 왔어요
직장 근처에 마땅히 다닐 치과가 없었는데 앞으론 여기 계속 다니려구요.
가보니까 사람이 많더라구요 예약하고 가길 잘했어요ㅋㅋㅋㅋ
예약하고 가는 게 훨 편할 것 같아요",4,1,,,2018.09.14,sh09****,연세그랑스마일치과 진료 상담,연세그랑스마일치과의원,,false,"퇴근하고 예약해서 충치치료 받고 왔어요
직장 근처에 마땅히 다닐 치과가 없었는데 앞으론 여기 계속 다니려구요.
가보니까 사람이 많더라구요 예약하고 가길 잘했어요ㅋㅋㅋㅋ
예약하고 가는 게 훨 편할 것 같아요",,
180534,2959727,"미루던 치아교정 드디어 시작하게 됬네요. 어디서 해야 할지 고민만 하다가 못하는 줄 알았는데 회사랑도 가깝고 마음에 드는 곳 만나서 결정했어요! 저 원래 이런거 귀찮아서 잘 안쓰는데ㅎㅎ몇달을 고민하다 마음에 드는 곳을 만나서 그런지 쓰게 되네요ㅎㅎㅎ아무튼 여기 교정전문의 원장님이 여성분이신데 엄청 꼼꼼하게 잘 봐주시고, 다른 과 전문의 원장님들도 계셔서 전체적으로 필요한 진료 다 받아볼 수 있어요. 교정전에 치주과전문의 원장님이 사랑니도 아프지 않게 잘 빼주셔서 더 만족스러웠어요. 앞으로 제 치아가 어떻게 변해갈지 너무 기대되용~~~!ㅎㅎ",5,1,,,2018.08.30,hrin****,연세그랑스마일치과 진료 상담,연세그랑스마일치과의원,,false,"미루던 치아교정 드디어 시작하게 됬네요. 어디서 해야 할지 고민만 하다가 못하는 줄 알았는데 회사랑도 가깝고 마음에 드는 곳 만나서 결정했어요! 저 원래 이런거 귀찮아서 잘 안쓰는데ㅎㅎ몇달을 고민하다 마음에 드는 곳을 만나서 그런지 쓰게 되네요ㅎㅎㅎ아무튼 여기 교정전문의 원장님이 여성분이신데 엄청 꼼꼼하게 잘 봐주시고, 다른 과 전문의 원장님들도 계셔서 전체적으로 필요한 진료 다 받아볼 수 있어요. 교정전에 치주과전문의 원장님이 사랑니도 아프지 않게 잘 빼주셔서 더 만족스러웠어요. 앞으로 제 치아가 어떻게 변해갈지 너무 기대되용~~~!ㅎㅎ",,
180534,2906349,"이번에 어금니 부분이 욱신거려서 치과 내원해야 했는데~ 사랑니인거 같더라구요.. 
사랑니 발치도 전문적인 곳에서 시작해야 과잉진료 없이 잘 치료 받잖아요.
그래서 검색해서 알게된 곳 연그랑~! 여기 원장님이 치주과전문의여서 결정하게 됫어요! 
사랑니 같은 경우는 진단 이런부분 확실하게 잘 해줘야 하는데..원장님께서 꼼꼼히 잘 치료해주셔서 좋았어요~ 
전문의 진단은 확실히 믿을 수 있는 거 같아요. 사랑니도 완전 매복치였는데... 발치가능했구요! 
만약 사랑니발치 필요하시다면 참고하시길 바래용",4,1,,,2018.08.23,kkto****,연세그랑스마일치과 진료 상담,연세그랑스마일치과의원,,false,"이번에 어금니 부분이 욱신거려서 치과 내원해야 했는데~ 사랑니인거 같더라구요.. 
사랑니 발치도 전문적인 곳에서 시작해야 과잉진료 없이 잘 치료 받잖아요.
그래서 검색해서 알게된 곳 연그랑~! 여기 원장님이 치주과전문의여서 결정하게 됫어요! 
사랑니 같은 경우는 진단 이런부분 확실하게 잘 해줘야 하는데..원장님께서 꼼꼼히 잘 치료해주셔서 좋았어요~ 
전문의 진단은 확실히 믿을 수 있는 거 같아요. 사랑니도 완전 매복치였는데... 발치가능했구요! 
만약 사랑니발치 필요하시다면 참고하시길 바래용",,
180534,7655784,매우 친절하고 사랑니 뽑으러 갓는데 잘뽑고 왔어요!,5,1,"안녕하세요~소중한 리뷰 감사합니다.
실밥제거 예약일에 뵙겠습니다 ^^",2019.11.15 16:12:51,,2019.11.14,vlsh****,연세그랑스마일치과 진료 상담,연세그랑스마일치과의원,,false,매우 친절하고 사랑니 뽑으러 갓는데 잘뽑고 왔어요!,
180534,7650482,"스케일링 처음해서 너무 무서웠는데 친절하게 잘해주셨어요 충치나 다른 치료 필요 없는지도 여쭤봤는데 원장님 엄청 쿨하게 없고, 사랑니는 지금은 괜찮은데 나중에 문제될수 있다며 염두에만 두라고 하셨어요
과잉진료 없어서 좋았습니다 감사합니다",5,1,"안녕하세요~저희 치과를 찾아주셔서 감사합니다!
소개로 오셨는데 만족하셔서 너무 기쁩니다.
즐거운 하루 보내세요^^",2019.11.15 16:10:38,,2019.11.14,inst****,연세그랑스마일치과 진료 상담,연세그랑스마일치과의원,,false,"스케일링 처음해서 너무 무서웠는데 친절하게 잘해주셨어요 충치나 다른 치료 필요 없는지도 여쭤봤는데 원장님 엄청 쿨하게 없고, 사랑니는 지금은 괜찮은데 나중에 문제될수 있다며 염두에만 두라고 하셨어요
과잉진료 없어서 좋았습니다 감사합니다",
180534,7644749,진료 빠르게 볼 수 있어서 좋았습니다~,4,1,"안녕하세요~저희병원을 방문해 주셔서 감사합니다.
항상 최선을 다하겠습니다!",2019.11.15 16:09:50,,2019.11.13,geni****,연세그랑스마일치과 진료 상담,연세그랑스마일치과의원,,false,진료 빠르게 볼 수 있어서 좋았습니다~,
180534,7529622,병원은 차분한 분위기이며  친절합니다.,5,1,"안녕하세요, 소중한 리뷰 감사합니다^^
좋은 하루 보내세요",2019.11.06 17:58:31,,2019.11.05,sake****,연세그랑스마일치과 진료 상담,연세그랑스마일치과의원,,false,병원은 차분한 분위기이며  친절합니다.,
180534,7523474,"원장님의 세심한 케어와 간호사분들의 친절한 안내로 치료 잘받았습니다. 을지로, 명동 근처에 괜찮은 치과 찾기가 힘든데 이 근방 치과 중에서 최고인것 같습니다",5,1,"안녕하세요~
격려에 깊은 감사드립니다^^  더욱 노력하는 치과가 되겠습니다",2019.11.05 19:40:12,,2019.11.04,tupa****,연세그랑스마일치과 진료 상담,연세그랑스마일치과의원,,false,"원장님의 세심한 케어와 간호사분들의 친절한 안내로 치료 잘받았습니다. 을지로, 명동 근처에 괜찮은 치과 찾기가 힘든데 이 근방 치과 중에서 최고인것 같습니다",
180534,7514944,치료 잘 받았습니다. :),5,1," 저희병원을 방문해 주셔서 감사합니다.
다음에 또 찾아주세요^^",2019.11.05 19:42:32,,2019.11.04,hyun****,연세그랑스마일치과 진료 상담,연세그랑스마일치과의원,,false,치료 잘 받았습니다. :),
180534,7354357,치과가는거 정말 무서워하는데 친절하고 좋았습니다,5,1,"안녕하세요, 내원해주셔서 감사합니다
앞으로도 더욱 더 좋은 진료서비스로 찾아뵙겠습니다^^
",2019.10.25 16:10:49,,2019.10.24,jday****,연세그랑스마일치과 진료 상담,연세그랑스마일치과의원,,false,치과가는거 정말 무서워하는데 친절하고 좋았습니다,
180534,7344510,항상 친절하게 대해주셔서 감사합니당,5,1,"안녕하세요~다시찾아주셔서 감사드립니다.
좋은 하루 보내세요!",2019.10.24 10:04:54,,2019.10.23,shin****,연세그랑스마일치과 진료 상담,연세그랑스마일치과의원,,false,항상 친절하게 대해주셔서 감사합니당,
180534,7334477,상담도 친절하게 해주시고 좋았습니다 앞으로 치료가 걱정되네요,5,1,"안녕하세요~ 어제 시술 후 불편한 점은 없으셨나요?
남은 치료도 최선을 다하여 진료해드리겠습니다.
오후 예약 때 뵙겠습니다~!",2019.10.24 10:02:57,,2019.10.22,wlst****,연세그랑스마일치과 진료 상담,연세그랑스마일치과의원,,false,상담도 친절하게 해주시고 좋았습니다 앞으로 치료가 걱정되네요,
180534,7348804,"작은 차이들이 남다른 치과 늘 만족하구
치료잘받았습니다",5,1,"안녕하세요!
다시뵙게되어 반가웠습니다^^
좋은 하루 보내세요~
",2019.10.24 10:05:56,,2019.10.22,heeh****,연세그랑스마일치과 진료 상담,연세그랑스마일치과의원,,false,"작은 차이들이 남다른 치과 늘 만족하구
치료잘받았습니다",
