bookingBusinessId,reviewId,reviewBody,score,isImp,replyBody,replyRegDate,resourceUrlList/0,completedDate,id,bookingItemName,bookingBusinessName,optionNameList,body/0/isHighlight,body/0/text,resourceUrlList/1,resourceUrlList/2,resourceUrlList/3,resourceUrlList/4
183941,7440935,"치과가는게 안무서운 병원은 처음이에요.ㅎㅎ 항상 치료하시기전에 이건 뭐다, 따끔할 수도 있다,, 말로 다 알려주셔서 마음의 안정을 얻어요ㅠ 원장님도 치료해주시는 분들도 다 너무 친절하고 또 배려해주셔서 매번 기분좋게 치료받고 갑니다>_<????",5,1,"이수빈님 리뷰 감사해요, 치과가 무섭지않다는 칭찬이 정말 듣기가좋네요..치과가 무서워서 치료못받고 계시는 친구분들 계시면 알려주세요^^ ㅎ 감사합니다.  ",2019.10.31 16:23:06,,2019.10.29,tnql****,진료예약,홍선생치과교정과치과의원,,false,"치과가는게 안무서운 병원은 처음이에요.ㅎㅎ 항상 치료하시기전에 이건 뭐다, 따끔할 수도 있다,, 말로 다 알려주셔서 마음의 안정을 얻어요ㅠ 원장님도 치료해주시는 분들도 다 너무 친절하고 또 배려해주셔서 매번 기분좋게 치료받고 갑니다>_<????",,,,
183941,7355570,친절한 상담과 세심한 치료과정이 마음에들어요~!!,5,1,"안녕하세요 진*선님 리뷰 감사합니다, 
친절과 세심은 저희병원에서 항상 중요하게 생각하는 부분인데 알아주셔서 감사드리고, 늘 웃으며 다닐 수 있도록 노력하겠습니다.",2019.10.24 17:50:45,,2019.10.24,hesu****,진료예약,홍선생치과교정과치과의원,,false,친절한 상담과 세심한 치료과정이 마음에들어요~!!,,,,
183941,7355488,교정시작하기 여러가지로 계속 망설였는데 여기 상담와서 마음이 바꼈어요 교정시작한지 얼마 안됬지만 너무 친절하고 진료도 꼼꼼히 봐주셔서 마음이 놓여요 감사합니다 앞으로도 잘부탁드려요!,5,1,"안녕하세요 김*이님 리뷰 감사합니다. 처음엔 누구나 망설이고 고민하고 세월이 흐르고 포기하게되기도 하는데 저희병원에서 좋은시작을 해주셔서 감사하고, 이쁜미소 가지는 그날까지 화이팅입니다.",2019.10.24 17:49:43,,2019.10.24,kmkm****,진료예약,홍선생치과교정과치과의원,,false,교정시작하기 여러가지로 계속 망설였는데 여기 상담와서 마음이 바꼈어요 교정시작한지 얼마 안됬지만 너무 친절하고 진료도 꼼꼼히 봐주셔서 마음이 놓여요 감사합니다 앞으로도 잘부탁드려요!,,,,
183941,7355474,교정하는거 티안나게 하고싶어서 여러곳 알아보고갔는데 인비절라인이라는 장치로 만족하며 잘 다니고 있어요~ 앞으로도 잘 부탁 드릴께요??,5,1,"안녕하세요 신*진님, 인비절라인 장치는 환자의 협조가 매우 중요한데 협조도 잘해주셔서 진행이 원활하게 잘 되고있는거 같아요, 끝날때까지 화이팅이에요 ^^ 리뷰 감사합니다.",2019.10.24 17:46:55,,2019.10.24,gpwl****,진료예약,홍선생치과교정과치과의원,,false,교정하는거 티안나게 하고싶어서 여러곳 알아보고갔는데 인비절라인이라는 장치로 만족하며 잘 다니고 있어요~ 앞으로도 잘 부탁 드릴께요??,,,,
183941,6469142,치과를 무서워서 안간게 아닌데 거부감 안들게 다들 친절하시고 치료중에도 간호를 잘해주신다는 느낌 받아서 좋았네요 ㅎ,5,1,"안녕하세요 강*구님 리뷰 써주신글 이제 보았네요.. 감사합니다^^ 
뭐든 처음시작이 가장 중요하잖아요, 치과치료가 트라우마로 남지않게 더욱 신경 써드렸는데 알아주셔서 감사합니다.. 앞으로도 편하게 다니실 수 있도록 노력하는 치과가되겠습니다. ",2019.08.26 16:40:40,,2019.08.20,kjkk****,진료예약,홍선생치과교정과치과의원,,false,치과를 무서워서 안간게 아닌데 거부감 안들게 다들 친절하시고 치료중에도 간호를 잘해주신다는 느낌 받아서 좋았네요 ㅎ,,,,
183941,6265761,"교정치료를 종료하면서 처음 후기를 씁니다
제가 다른 치과에서도 상담을 받아봤지만 홍선생교정치과를 선택한 이유는 교정전문의 원장님이시기 때문입니다~ 교정치과를 알아보기 전까지는 교정전문의가 있다는 사실도 몰랐거든요^^; 그리고 대표원장님 한분이시라서 원장님이 바뀔 염려도 전혀 없구요! 친한 친구가 다니는 치과는 원장님이 계속 바뀌어서 치료가 산으로 가는것 같았거든요ㅠㅠ 그래서 원장님이 바뀌지않는다는 사실이 매우 중요했습니다!

어쨌든 가장 중요한건 결과예요! 치료과정도 섬세하게 잘 이끌어주셨지만 결과가 너무 마음에 듭니다~~! 생각했던것만큼 힘들지않았던 교정치료기간이었던것 같네요~~ 고민하시는 분들 있다면 홍선생교정치과 적극 추천합니다! 원장님도 너무 실력있으시고 선생님들도 안아프게 잘 해주셔서 감사했어요:)",5,1,"안녕하세요 신*랑님 세심하게 잘 써주신 리뷰 잘 읽었습니다^^ 
치료중에 결혼도하시고 신혼여행도 다녀오시고 그러시면서도 협조 잘해주시고 항상 밝은미소로 내원해주셔서 저희도 감사했습니다, 
앞으로 유지기간에도 만족하실수 있도록 노력하는 홍선생교정치과가 되겠습니다 . 감사합니다 ^^ ",2019.08.13 18:40:29,,2019.08.09,rang****,진료예약,홍선생치과교정과치과의원,,false,"교정치료를 종료하면서 처음 후기를 씁니다
제가 다른 치과에서도 상담을 받아봤지만 홍선생교정치과를 선택한 이유는 교정전문의 원장님이시기 때문입니다~ 교정치과를 알아보기 전까지는 교정전문의가 있다는 사실도 몰랐거든요^^; 그리고 대표원장님 한분이시라서 원장님이 바뀔 염려도 전혀 없구요! 친한 친구가 다니는 치과는 원장님이 계속 바뀌어서 치료가 산으로 가는것 같았거든요ㅠㅠ 그래서 원장님이 바뀌지않는다는 사실이 매우 중요했습니다!

어쨌든 가장 중요한건 결과예요! 치료과정도 섬세하게 잘 이끌어주셨지만 결과가 너무 마음에 듭니다~~! 생각했던것만큼 힘들지않았던 교정치료기간이었던것 같네요~~ 고민하시는 분들 있다면 홍선생교정치과 적극 추천합니다! 원장님도 너무 실력있으시고 선생님들도 안아프게 잘 해주셔서 감사했어요:)",,,,
183941,5981373,"충치생긴것같아서 병원갔는데 
설명도 친절하게 잘해주시고 치료도 안아프게 잘 받고갑니당 ˘?˘",5,1,"신*진님 소중한리뷰 너무 감사드립니다 ^^ 
교정전문 치과이지만 충치치료도 꼼꼼하게 해드려야 하는건 물론이죠 , 또 불편하신거 있으시면 방문해주세요! 감사합니다.",2019.07.25 18:28:09,,2019.07.25,gpwl****,진료예약,홍선생치과교정과치과의원,,false,"충치생긴것같아서 병원갔는데 
설명도 친절하게 잘해주시고 치료도 안아프게 잘 받고갑니당 ˘?˘",,,,
183941,5349539,의사선생님이랑 실장님이랑 모두 너무 친절하시고 꼼꼼히 진료해주세요!!,5,1,한*빈님 리뷰 감사합니다^^ 이런 작은리뷰 하나에도 정말 큰 힘이 되네요..!! 앞으로도 더 큰 만족감을 느끼실 수 있도록 노력하는 홍선생교정치과가 되겠습니다~~!,2019.06.11 17:27:42,,2019.06.07,hkhk****,진료예약,홍선생치과교정과치과의원,,false,의사선생님이랑 실장님이랑 모두 너무 친절하시고 꼼꼼히 진료해주세요!!,,,,
183941,5145054,"처음 교장상담할때부터 친절하게 상담해주시고 매달 치과 갈때마다 선생님들모두 꼼꼼하게 진료해주시고 설명도 자세하게 해주십니당! 
치과 분위기가 딱딱하지 않고 편안한 분위기라서 너무 좋아요!!
치과다닌지 4개월 정도 됐는데 교정 잘진행되고 있다고 하셔서 너무 만족하면서 잘 다니고있어요!! 치과 어디 가실지 고민하시는분들 상담 받아보시는거 추천 드려용!",5,1,김*현님 리뷰너무 감사합니다. 만족스럽게 진행이 잘 되고 있다고하시니 다행이에요^^ 협조잘해주신 덕분이에요. 앞으로도 더 만족스러우실수 있도록 최선을다하겠습니다.,2019.05.22 17:46:01,,2019.05.22,mhyu****,진료예약,홍선생치과교정과치과의원,,false,"처음 교장상담할때부터 친절하게 상담해주시고 매달 치과 갈때마다 선생님들모두 꼼꼼하게 진료해주시고 설명도 자세하게 해주십니당! 
치과 분위기가 딱딱하지 않고 편안한 분위기라서 너무 좋아요!!
치과다닌지 4개월 정도 됐는데 교정 잘진행되고 있다고 하셔서 너무 만족하면서 잘 다니고있어요!! 치과 어디 가실지 고민하시는분들 상담 받아보시는거 추천 드려용!",,,,
183941,5061822,"어제 처음 방문 해봤는데
간호사 언니도 너무 친절하시고, 선생님도 너무 좋으셨어요~ 차분하게 상담 진행 되는 게 좋았네요^^",5,1,안녕하세요 한*연님 리뷰 너무 감사드려요^^ 앞으로도 오실때마다 만족감을 많이 느끼실 수 있도록 노력하겠습니다. 다음예약때 뵐게요 감사합니다^^,2019.05.14 11:42:57,,2019.05.13,jju_****,진료예약,홍선생치과교정과치과의원,,false,"어제 처음 방문 해봤는데
간호사 언니도 너무 친절하시고, 선생님도 너무 좋으셨어요~ 차분하게 상담 진행 되는 게 좋았네요^^",,,,
183941,5013980,"날 더워져서 제 몹쓸 황니가 더 누래보여서 고민하다가 여기서 미백했는데 운좋게 이벤트중이였다능..?? ??
약 좋은거 쓰시는지 많이 시리지도않고 밝아져서 너무 기분좋아용 내년에 또 올게요!!! 미백 추천드랴요!
(총 2회 받았어여)",5,1,"안녕하세요 이*원님 , 이쁘신얼굴에 황니가 많이 스트레스 받으셨을거같았는데, 많이 밝아지셔서 이쁜얼굴이 더 이뻐보였어요^^ 커피나 착색되는 음식 조심하시구, 내년쯤 또 뵙겠습니다^^ ",2019.05.14 11:41:00,,2019.05.10,yupp****,진료예약,홍선생치과교정과치과의원,,false,"날 더워져서 제 몹쓸 황니가 더 누래보여서 고민하다가 여기서 미백했는데 운좋게 이벤트중이였다능..?? ??
약 좋은거 쓰시는지 많이 시리지도않고 밝아져서 너무 기분좋아용 내년에 또 올게요!!! 미백 추천드랴요!
(총 2회 받았어여)",,,,
183941,5013532,"원래 치과가 좀 무서웠는데 항상 친절하게 잘 설명해주셔서 치료 받는게 심적으로 편해졌습니다~~ 
그리고 교정도 빠르게 잘 되고 있어서 좋네요~~
교정 고민하고 계시다면 추천드려요????",5,1,"안녕하세요 이*오님 리뷰 감사합니다. 
누나분과 함께 시작하여 지금껏 너무 치료 잘 받아오시고, 협조 잘해주셔서 저희도 감사드립니다. 끝날때까지 함께 화이팅 입니다^^ ",2019.05.14 11:39:54,,2019.05.10,shin****,진료예약,홍선생치과교정과치과의원,,false,"원래 치과가 좀 무서웠는데 항상 친절하게 잘 설명해주셔서 치료 받는게 심적으로 편해졌습니다~~ 
그리고 교정도 빠르게 잘 되고 있어서 좋네요~~
교정 고민하고 계시다면 추천드려요????",,,,
183941,4975722,"오늘도 치료 잘받고 가요~~
항상 갈때마다 친절하게 잘 대해주시고 치료도 
아프지않게 잘해주셔서 감사합니다~!??
교정할 치과 고민하고 계시다면 주저않고 추천해드릴만한곳이에요~~!???? 꼭 한번 가보세용~",5,1,"박*희님 리뷰 너무 감사합니다. 
저희랑 커뮤니케이션도 너무 잘해주시고, 협조 잘해주셔서 저희도 감사하고있습니다^^ 다음예약때까지 관리잘하고오세요! ",2019.05.07 17:22:07,,2019.05.07,clsr****,진료예약,홍선생치과교정과치과의원,,false,"오늘도 치료 잘받고 가요~~
항상 갈때마다 친절하게 잘 대해주시고 치료도 
아프지않게 잘해주셔서 감사합니다~!??
교정할 치과 고민하고 계시다면 주저않고 추천해드릴만한곳이에요~~!???? 꼭 한번 가보세용~",,,,
183941,4926599,병원직원분들이 너무 잘해주시고 먼저 친근하게 다가와주시는게 병원에 대한 긴장감을 많이 줄여주는거 같아요 ㅎㅎ 치아도 생각보다 빨리 가지런하게 되었어요?? 원장님께서 이해하기 쉽게 설명해주시는게 짱이에요 ㅎㅎㅎ????,5,1,"황*필님 리뷰 감사드려요,
멀리서 다니기 힘드실텐데도 협조 잘 해주셔서 치료가 원활히 잘 되는거 같아요. 다음예약때 뵐게요^^ 좋은하루 되세요.",2019.05.07 17:21:00,,2019.05.04,ghkd****,진료예약,홍선생치과교정과치과의원,,false,병원직원분들이 너무 잘해주시고 먼저 친근하게 다가와주시는게 병원에 대한 긴장감을 많이 줄여주는거 같아요 ㅎㅎ 치아도 생각보다 빨리 가지런하게 되었어요?? 원장님께서 이해하기 쉽게 설명해주시는게 짱이에요 ㅎㅎㅎ????,,,,
183941,4878516,"매월 갈 때마다 꼼꼼하게 체크해주시는 원장쌤과 간호쌤들 덕분에 교정 잘 진행하고 있습니다!
하루하루 달라지는 치아배열보고 신기해하고있어요
마취할때면 손 꼭 잡아주시는 간호쌤들..두근반세근반
쌤들 너무 감사합니다아~~홍!홍!",5,1,이*선님 리뷰 너무너무 감사드립니다. 별탈없이 협조도 너무 잘해주시고 교정 끝날때까지 따듯한 마음으로 다니실 수 있게 항상 노력하겠습니다^^ Have a great day ! :),2019.05.02 14:45:39,,2019.04.29,meta****,진료예약,홍선생치과교정과치과의원,,false,"매월 갈 때마다 꼼꼼하게 체크해주시는 원장쌤과 간호쌤들 덕분에 교정 잘 진행하고 있습니다!
하루하루 달라지는 치아배열보고 신기해하고있어요
마취할때면 손 꼭 잡아주시는 간호쌤들..두근반세근반
쌤들 너무 감사합니다아~~홍!홍!",,,,
183941,4752032,"교정은 월치료도 있고 집에서 최대한 가까운곳에서 하는게 맞는것 같아 알아보다 가게 된 곳이예요.  
원장님 교정전문의고 항상 상주해 계시고 여기서 신뢰했고요, 원장님 외 직원분들 모두 친절하시고  환자와 소통이 잘 되는곳이예요! 
월치료 받고 나면 통증이 있는데 괜찮아졌다 싶을때 또 다시 월치료 받으러 가네요. 또르르~
신뢰하며 치료 받고 있어요. 감사합니다~!!^^",5,1,박*현님 리뷰 정말 감사드립니다..!  리뷰 써주신지 모르고 이제야 답변드리네요..^^ 신뢰하며 다닌다는 말이 저희로써는 최고의 칭찬이 아닐까 싶어요... 그 신뢰가 깨지지않게 항상 노력하는 홍선생교정치과가 되겠습니다 감사합니다^^,2019.04.29 16:32:56,,2019.04.17,octo****,진료예약,홍선생치과교정과치과의원,,false,"교정은 월치료도 있고 집에서 최대한 가까운곳에서 하는게 맞는것 같아 알아보다 가게 된 곳이예요.  
원장님 교정전문의고 항상 상주해 계시고 여기서 신뢰했고요, 원장님 외 직원분들 모두 친절하시고  환자와 소통이 잘 되는곳이예요! 
월치료 받고 나면 통증이 있는데 괜찮아졌다 싶을때 또 다시 월치료 받으러 가네요. 또르르~
신뢰하며 치료 받고 있어요. 감사합니다~!!^^",,,,
183941,4626090,"3년전 다른치과에서 부분교정했었는데 맘에들지않아서 홍선생교정치과에서 다시 교정 시작했어요!!
확실히 그 전 치과에 비하면 훨씬 잘하시는것 같아요ㅠㅠ 스케일링도 하나도 안아프게 해주시고 
제 의견하나하나 신경써주시고 꼼꼼히 봐주시더라구요. 재교정도 홍선생 추천합니다!!!",5,1,전*정님 소중한리뷰 감사드립니다. 재교정이니만큼 더 신경쓰려고 많이 노력하고 있습니다. 이제 더이상의 재교정은 없게 서로 협조잘하여 만족감높게 마무리 하셔야죠^^ 다음 치료때 뵙겠습니다 감사합니다.,2019.04.05 10:16:26,,2019.04.04,hoju****,진료예약,홍선생치과교정과치과의원,,false,"3년전 다른치과에서 부분교정했었는데 맘에들지않아서 홍선생교정치과에서 다시 교정 시작했어요!!
확실히 그 전 치과에 비하면 훨씬 잘하시는것 같아요ㅠㅠ 스케일링도 하나도 안아프게 해주시고 
제 의견하나하나 신경써주시고 꼼꼼히 봐주시더라구요. 재교정도 홍선생 추천합니다!!!",,,,
183941,4163171,"와~~~교정 끝났다^^
작년 2월에 시작해서 꼭 1년되는 오늘 교정이 끝이났네요. 그동안 힘들었다기보다 심하게 약한 잇몸이다보니까 이빨들이 삐뚤어지고 어긋나고 벌어지기까지해서 스스로의 자존감이 떨어져 시작했지요.
환하게 웃는 모습을 다시 찾기위해 열심히 다녔고 또한치과라는곳이 몹시도 겁나고 온몸에 힘이들어가는 긴장감이 드는곳이지요...ㅠㅠ
그러나 홍선생치과교정은 좀 다른듯 합니다.
우선, 착하고 정직한 가격이 맘에들고 원장님의 부드러운 인상과 고객이 듣고자하는 얘기를 쉽게 풀어주며 전달해주어서 참 좋았어요~ 또한 치료과정에서 세심하고 꼼꼼한 손길~ 간호사선생님들의 친절함과 상냥함이 오히려 긴장된 맘을 풀어줘서 늘 좋은기분으로 가는곳이지요^^
제가 자신있게 걍츄 강츄합니다~
후회없는 선택이라는것을^^",5,1,"정*희님 소중한리뷰 감사합니다^^ 오실때마다 정말 매너있으시고 웃으면서 다녀주셔서 저희도 감사했어요, 잇몸이 안좋아서 정말 걱정 많이했었는데 잘 끝나서 다행입니다. 앞으로도 불편한점 있으시면 언제든 찾아주세요! 감사합니다.",2019.02.13 20:45:49,,2019.02.13,dmsg****,진료예약,홍선생치과교정과치과의원,,false,"와~~~교정 끝났다^^
작년 2월에 시작해서 꼭 1년되는 오늘 교정이 끝이났네요. 그동안 힘들었다기보다 심하게 약한 잇몸이다보니까 이빨들이 삐뚤어지고 어긋나고 벌어지기까지해서 스스로의 자존감이 떨어져 시작했지요.
환하게 웃는 모습을 다시 찾기위해 열심히 다녔고 또한치과라는곳이 몹시도 겁나고 온몸에 힘이들어가는 긴장감이 드는곳이지요...ㅠㅠ
그러나 홍선생치과교정은 좀 다른듯 합니다.
우선, 착하고 정직한 가격이 맘에들고 원장님의 부드러운 인상과 고객이 듣고자하는 얘기를 쉽게 풀어주며 전달해주어서 참 좋았어요~ 또한 치료과정에서 세심하고 꼼꼼한 손길~ 간호사선생님들의 친절함과 상냥함이 오히려 긴장된 맘을 풀어줘서 늘 좋은기분으로 가는곳이지요^^
제가 자신있게 걍츄 강츄합니다~
후회없는 선택이라는것을^^",,,,
183941,4159170,"입안 염증으로  방문했었는데 치료도 마음에들었지만
병원도 깨끗하고 넓고 쾌적하고 
직원들이 바쁘신와중에도 너무  친절해서 다음에 스케링하러 다시 가야겠어요
복잡한 일반 치과보다 훨씬 더 꼼꼼하게 신경써주시는것 같아 기분이 좋았습니다
교정만하는줄 알았더니
대학병원급 스케링.치아미백 등 기대가 되네요",5,1,"안녕하세요 조*희님 소중한리뷰 너무너무 감사합니다^^ 
어떤 환자든 한분한분 똑같이 소중하게 신경쓰고 봐드리는 한결같은 홍선생교정치과가 될게요 , 감사합니다. ",2019.02.13 20:44:43,,2019.02.09,dong****,진료예약,홍선생치과교정과치과의원,,false,"입안 염증으로  방문했었는데 치료도 마음에들었지만
병원도 깨끗하고 넓고 쾌적하고 
직원들이 바쁘신와중에도 너무  친절해서 다음에 스케링하러 다시 가야겠어요
복잡한 일반 치과보다 훨씬 더 꼼꼼하게 신경써주시는것 같아 기분이 좋았습니다
교정만하는줄 알았더니
대학병원급 스케링.치아미백 등 기대가 되네요",,,,
183941,3901883,"처음에 교정 전문치과라구 해서 상담받게됐는데, 포트폴리오 형식으로 제 치아 상태에 대해 자세히 설명해주시고 앞으로 교정 방향이라던가 교정후 모습도 보여주셔서 더욱 믿고 선택할 수 있었던거같아요! 교정이라는게 치아에 관련된거라 걱정도 많고 고민도 많고했는데 항상 월치료 방문때마다 친절하게 대해주시고 궁금한점은 자세히 설명 해주셔서 안심하구 잘 치료받구있어요! 늘 감사합니다:)",5,1,"백*린님 소중한 리뷰 너무 감사합니다! 장기로 오랫동안 치료 받아야 할 치과에서의 신뢰는 가장 중요한 부분인거 같아요, 본인이 어떻게 치료되고 있는지 앞으로의 진행계획은 어떤지 꼼꼼히 상담해드리는 신뢰할 수 있는 홍선생 교정치과가 되겠습니다 감사합니다^^",2019.01.16 20:23:18,,2019.01.12,9959****,진료예약,홍선생치과교정과치과의원,,false,"처음에 교정 전문치과라구 해서 상담받게됐는데, 포트폴리오 형식으로 제 치아 상태에 대해 자세히 설명해주시고 앞으로 교정 방향이라던가 교정후 모습도 보여주셔서 더욱 믿고 선택할 수 있었던거같아요! 교정이라는게 치아에 관련된거라 걱정도 많고 고민도 많고했는데 항상 월치료 방문때마다 친절하게 대해주시고 궁금한점은 자세히 설명 해주셔서 안심하구 잘 치료받구있어요! 늘 감사합니다:)",,,,
183941,3868665,원장님 간호사분들 모두 친절하고 잘 설명해주세요~~~,5,1,"연*희님 리뷰 감사합니다^^ 친절함과 꼼꼼한 설명은 가장중요한 요소인거같아요, 더 노력하는 홍선생교정치과가 되겠습니다. 새해 복 많으받으세요 ",2019.01.08 10:11:47,,2019.01.08,wnsg****,진료예약,홍선생치과교정과치과의원,,false,원장님 간호사분들 모두 친절하고 잘 설명해주세요~~~,,,,
183941,3784063,처음 상담부터 너무 친절히 하나하나 알려주셔서 다른 교정치과보다 마음이 열린곳! 치과인데도.. 분위기와 선생님들때문에 다시가고싶을정도로 너무 좋은 곳입니다! 홍선생님만의 꼼꼼함과 섬세함에 매번갈때마다 예뻐지는 모습에 두근두근합니당 ? 모든 선생님들이 친절하게 해주셔서 꼭! 추천해주고 싶은 병원이에요~~~? >_<?,5,1,안녕하세요 정*혜님 소중한 리뷰 감사합니다. 오실때마다 밝은 웃음 주셔서 저희도 너무 감사드려요^^ 이쁜 동생분이랑 함께 치료 잘 끝날 수 있도록 항상 노력하는 홍선생교정치과가 되겠습니다!,2019.01.07 20:44:21,,2018.12.29,jeeh****,진료예약,홍선생치과교정과치과의원,,false,처음 상담부터 너무 친절히 하나하나 알려주셔서 다른 교정치과보다 마음이 열린곳! 치과인데도.. 분위기와 선생님들때문에 다시가고싶을정도로 너무 좋은 곳입니다! 홍선생님만의 꼼꼼함과 섬세함에 매번갈때마다 예뻐지는 모습에 두근두근합니당 ? 모든 선생님들이 친절하게 해주셔서 꼭! 추천해주고 싶은 병원이에요~~~? >_<?,,,,
183941,3680332,"시설도 깔끔하고 간호사선생님 의사선생님도 모두 
친절하세요",5,1,안녕하세요 최*자님 리뷰 너무 감사드립니다! 다음번에 아드님 더 커서 오시면 잘 봐드릴게요 6개월뒤에 뵙겠습니다^^ 그전에라도 다른 문의사항이나 불편하신곳 있으시면 언제든 내원해주세요! 좋은하루되세요.,2018.12.17 13:46:03,,2018.12.15,0515****,진료예약,홍선생치과교정과치과의원,,false,"시설도 깔끔하고 간호사선생님 의사선생님도 모두 
친절하세요",,,,
183941,3626360,완전 직원분들친근하시고 가족처럼대해주시고 실력도 완전 짱~♥ 그리고교정 겁나빨리되요!,5,1,윤*수님 리뷰 감사드립니다^^ 환자분이 협조가 좋으셔서 교정도 더 빨리 진행되는거같아요! 늘 가족처럼 봐드리는 홍선생교정치과가 되겠습니다 좋은하루 되세요^^,2018.12.17 13:43:45,,2018.12.08,rjwl****,진료예약,홍선생치과교정과치과의원,,false,완전 직원분들친근하시고 가족처럼대해주시고 실력도 완전 짱~♥ 그리고교정 겁나빨리되요!,,,,
183941,3603462,세군데 넘게 교정상담 받아보고 최종적으로 선택했습니다. 10월부터 시작해서 드디어 첫번째 월치료까지 받았는데 환자 개인별 데이터 관리 철저하게 해서 피드백 받기 너무 좋았고 아직 교정한지 얼마 안되서 모르는게 많아서 사소한거 하나하나 다 질문하는데도 안귀찮아하시고 ㅠㅠ대답해주세요 원장님이랑 치위생사분 넘나 친절하게 알려주셔서 맘편히 월치료 다녀갑니다,5,1,권*민님 소중한 리뷰 감사드립니다. 질문하시는거 정말 하나도 안귀찮아요 오히려 질문을 꺼려하지않고 해주셔서 감사합니다^^ 앞으로도 질문 많이많이 해주시고 불편하신점 언제든지 말씀해주세요! 감사합니다.,2018.12.04 15:13:18,,2018.12.04,deli****,진료예약,홍선생치과교정과치과의원,,false,세군데 넘게 교정상담 받아보고 최종적으로 선택했습니다. 10월부터 시작해서 드디어 첫번째 월치료까지 받았는데 환자 개인별 데이터 관리 철저하게 해서 피드백 받기 너무 좋았고 아직 교정한지 얼마 안되서 모르는게 많아서 사소한거 하나하나 다 질문하는데도 안귀찮아하시고 ㅠㅠ대답해주세요 원장님이랑 치위생사분 넘나 친절하게 알려주셔서 맘편히 월치료 다녀갑니다,,,,
183941,3606858,"지인소개로 방문해서 치료를 받았는데 잘 치료 해 주셔서 감사드립니다.
원장님의 세심한 치료와 실장님의 밝은웃음 치위생사님의 친절한 안내로
편안하게 잘 다녀 왔습니다. 계속 잘 부탁드립니다.",5,1,조*희님 리뷰너무 감사드립니다! 항상 밝은웃음과 세심한 치료와 친절한 서비스를 해드릴수 있게 노력하는 홍선생교정치과가 되겠습니다^^ 불편하신곳 있으시면 또 연락주세요!,2018.12.05 17:03:03,,2018.12.04,dong****,진료예약,홍선생치과교정과치과의원,,false,"지인소개로 방문해서 치료를 받았는데 잘 치료 해 주셔서 감사드립니다.
원장님의 세심한 치료와 실장님의 밝은웃음 치위생사님의 친절한 안내로
편안하게 잘 다녀 왔습니다. 계속 잘 부탁드립니다.",,,,
183941,3554075,"교정상담, 전체적인 치아검사, 스케일링 받고왔어요. 모든 다 꼼꼼하게 해주셔서 기분좋게 나왔어요~",4,1,김*기님 소중한 리뷰 너무 감사드립니다...! 기분좋으셨다니 다행이에요 ^^ 언제든지 불편하신곳 있으시면 찾아주세요!감사합니다.,2018.11.30 18:43:55,,2018.11.26,seau****,진료예약,홍선생치과교정과치과의원,,false,"교정상담, 전체적인 치아검사, 스케일링 받고왔어요. 모든 다 꼼꼼하게 해주셔서 기분좋게 나왔어요~",,,,
183941,3459176,선생님들 모두 친절하시고 진료도잘해주셔서 좋습니다 홍선생님 짱~,5,1,전*욱님 소중한리뷰 감사드립니다.  불편한 점 있거나 필요한 사항 있으시면 언제든 말씀주세요. 좋은하루되세요^^,2018.11.14 14:18:42,,2018.11.13,jjy4****,진료예약,홍선생치과교정과치과의원,,false,선생님들 모두 친절하시고 진료도잘해주셔서 좋습니다 홍선생님 짱~,,,,
183941,3426264,"찬찬히 진료해주셔서 좋아요^^
모두 친절하시구여~",5,1,이*이님 리뷰 써주셔서 감사해요^^ 불편하신 점이나 필요한 부분 있으면 언제든지 말씀해주세요! 감사합니다.,2018.11.10 10:15:52,,2018.11.09,113r****,진료예약,홍선생치과교정과치과의원,,false,"찬찬히 진료해주셔서 좋아요^^
모두 친절하시구여~",,,,
183941,3423663,"정말친절하시고 이름도 기억해주시면서 항상 친근하게 대해주세요!!이제 1년이 지났는데 남은 1년도 금방 지나갈거같아요
진료받을때도 많아 신경써주시고 사진을 보면서 달라진모습도 볼수있고 세심한부분도 다신경써주시고 꼼꼼하게 하나하나 다 설명도 잘해주셔서 항상감사합니다 남은일년도 잘부탁드립니당~!",5,1,"백*희님 리뷰도 써주시고 너무 감사합니다. 올때마다 인사도 너무 이쁘게 잘해주시고, 성격도 너무 좋으셔서 저희도 볼때마다 정말기분 좋아요^^ 늘 한결같은 홍선생치과가 되도록 노력하겠습니다. 다음내원때 뵈요!",2018.11.09 14:21:23,,2018.11.08,tmdg****,진료예약,홍선생치과교정과치과의원,,false,"정말친절하시고 이름도 기억해주시면서 항상 친근하게 대해주세요!!이제 1년이 지났는데 남은 1년도 금방 지나갈거같아요
진료받을때도 많아 신경써주시고 사진을 보면서 달라진모습도 볼수있고 세심한부분도 다신경써주시고 꼼꼼하게 하나하나 다 설명도 잘해주셔서 항상감사합니다 남은일년도 잘부탁드립니당~!",,,,
183941,3415880,"갈때마다 느끼지만 너무 친절하시고 친근감있게 말도 먼저 걸어주셔서 좋다.
겁이많아서 무서운데 항상 뭐하는지 말씀해주셔서 진료받을때 무서움이 덜 느껴지고 더 믿음이간다 
여기서 후회없이  교정하길 잘한거같아 매우뿌듯하다",5,1,"박*인님 리뷰 너무 감사합니다. 저희에게도 매번 상황이 어떻다 어떻다 말씀 잘 해주셔서 저희도 감사해요^^ 이런 커뮤니케이션이 정말 중요한 부분인데, 서스럼없이 말씀해주셔서 더 원활하게 진료할 수 있는거같아요. 앞으로도 불편함없이 진행 잘 될 수 있도록 노력하는 홍선생교정치과가 되겠습니다.",2018.11.07 20:36:40,,2018.11.07,gpdl****,진료예약,홍선생치과교정과치과의원,,false,"갈때마다 느끼지만 너무 친절하시고 친근감있게 말도 먼저 걸어주셔서 좋다.
겁이많아서 무서운데 항상 뭐하는지 말씀해주셔서 진료받을때 무서움이 덜 느껴지고 더 믿음이간다 
여기서 후회없이  교정하길 잘한거같아 매우뿌듯하다",,,,
183941,3416431,안녕하세요! 어느덧 홍선생 교정치과를 알게된지 7개월이 지났네요 그동안 진료를 다니면서 치아의 소중함도 알게되고 바뀐 치아를 보면서 너무 너무 감사함을 느끼고 있습니다 치과는 무섭다라는 저의 편견을 바꿔준 치과가 홍선생 교정치과였어요 항상 방문 때마다 친절하게 반겨주시구 원장선생님 실장님 치의생사선생님들이 매번 불편했던 사항도 꼼꼼하게 진료해주시고 앞으로의 치료계획도 진료시 마다 체크해주셔셔 안심하면서 치과를 다녔던것 같아요 표현은 잘 못했지만 정말 감사드립니다 참 못난 제 치아 예쁘게 교정시켜주고 계셔셔 감사합니다 앞으로도 잘 마무리 되었으면 좋겠습니다 원장선생님 실장님 치의생사선생님들 감사합니다♡,5,1,강*숙님 소중한 리뷰 너무 감사드려요.. 항상 오실때마다 밝은에너지로 협조 잘 해주셔서 저희도 너무 감사해요^^ 웃는모습이 넘 아름다우신 울 환자분 앞으로 남은치료도 꼼꼼하게 불편함 없도록 노력하는 홍선생교정치과가 되겠습니다! ,2018.11.07 20:35:19,https://naverbooking-phinf.pstatic.net/20181107_113/1541577020464H0aGK_JPEG/image.jpg,2018.11.07,viol****,진료예약,홍선생치과교정과치과의원,,false,안녕하세요! 어느덧 홍선생 교정치과를 알게된지 7개월이 지났네요 그동안 진료를 다니면서 치아의 소중함도 알게되고 바뀐 치아를 보면서 너무 너무 감사함을 느끼고 있습니다 치과는 무섭다라는 저의 편견을 바꿔준 치과가 홍선생 교정치과였어요 항상 방문 때마다 친절하게 반겨주시구 원장선생님 실장님 치의생사선생님들이 매번 불편했던 사항도 꼼꼼하게 진료해주시고 앞으로의 치료계획도 진료시 마다 체크해주셔셔 안심하면서 치과를 다녔던것 같아요 표현은 잘 못했지만 정말 감사드립니다 참 못난 제 치아 예쁘게 교정시켜주고 계셔셔 감사합니다 앞으로도 잘 마무리 되었으면 좋겠습니다 원장선생님 실장님 치의생사선생님들 감사합니다♡,,,,
183941,3423760,2017년 8월 14일에 처음 교정을 시작하여 어느덧 현재 1년 2개월 26일째가 되었습니다? 처음 교정을 하기로 마음 먹은 것은 부정교합이 심해서였어요 지방에 살 땐 교정 치과도 많이 알아보고 정보를 추합하고 하였으나 마땅히 이 곳이다 싶은 곳이 없더라구요 연기자의 꿈을 꾸고 있어서 부정교합은 발음에도 미관상에도 문제가 많고 이가 세게 맞물려 항상 불편하고 콤플렉스였는데 대학 진학으로 서울에 올라와보니 동네에 새롭게 교정 전문 치과가 개원했다고 해서 시작했어요 원장님도 너무나 친절하시고 전문적이셔서 좋았고 치위생사님들도 항상 친절하고 편하게 대해주셔서 마음에 쏙 들었답니다 개원과 거의 동시에 시작한 교정! 남아있는 몇 개월 동안 치아교정 더욱 예쁘게 마무리 잘 할 수 있었으면 좋겠습니다 항상 감사해요?,5,1,황*희님 리뷰 감사드립니다. 연기 준비하시는건 몰랐는데^^ 너무 밝고 성격좋으셔서 잘 되실거에요. 교정 거의 마무리단계인거 같은데 조금만 더 힘내시고 저희도 남은치료 더욱 편하게 받으실 수 있게 노력하겠습니다. 다음내원때 뵐게요!,2018.11.09 14:17:38,https://naverbooking-phinf.pstatic.net/20181109_116/15416995240683y8MV_JPEG/image.jpg,2018.11.06,hjh9****,진료예약,홍선생치과교정과치과의원,,false,2017년 8월 14일에 처음 교정을 시작하여 어느덧 현재 1년 2개월 26일째가 되었습니다? 처음 교정을 하기로 마음 먹은 것은 부정교합이 심해서였어요 지방에 살 땐 교정 치과도 많이 알아보고 정보를 추합하고 하였으나 마땅히 이 곳이다 싶은 곳이 없더라구요 연기자의 꿈을 꾸고 있어서 부정교합은 발음에도 미관상에도 문제가 많고 이가 세게 맞물려 항상 불편하고 콤플렉스였는데 대학 진학으로 서울에 올라와보니 동네에 새롭게 교정 전문 치과가 개원했다고 해서 시작했어요 원장님도 너무나 친절하시고 전문적이셔서 좋았고 치위생사님들도 항상 친절하고 편하게 대해주셔서 마음에 쏙 들었답니다 개원과 거의 동시에 시작한 교정! 남아있는 몇 개월 동안 치아교정 더욱 예쁘게 마무리 잘 할 수 있었으면 좋겠습니다 항상 감사해요?,https://naverbooking-phinf.pstatic.net/20181109_181/1541699523663QUGv5_JPEG/image.jpg,https://naverbooking-phinf.pstatic.net/20181109_220/1541699524751TRVS7_JPEG/image.jpg,https://naverbooking-phinf.pstatic.net/20181109_256/1541699523039segpR_JPEG/image.jpg,https://naverbooking-phinf.pstatic.net/20181109_283/1541699522659mDpyP_JPEG/image.jpg
183941,3411044,"치과에 대한 공포심과 두려움이 많은데 ㅠㅠ다른 치과와 다르게 편안한 분위기에서 치료 받을 수 있는 것 같아요ㅎㅎ 상담받으러 갔을때부터 하나하나 꼼꼼하게 설명 잘 해주시고 치료받고 있는 지금도 주의사항, 불편사항 하나하나 꼼꼼하게 잘 체크해주셔서 믿고 편하게 갈 수 있습니다~~
겁이 많아서 좀만 아파도 긴장하는데 아프지않게 의사선생님이 너무 잘 봐주시고 항상 웃으면서 친절하게 설명해주시는 간호사언니분들 너무너무 감사합니다???? 이제 시작이지만 긴 교정시간동안 잘 부탁드립니당??",5,1,정*기님 리뷰 너무 감사합니다! 항상 믿음을 드리는 치과가 되도록 노력하는 홍선생교정치과가 되겠습니다. 다음 예약일에 뵈요 예쁜 정*기님^^ ,2018.11.07 14:11:13,,2018.11.06,cmy4****,진료예약,홍선생치과교정과치과의원,,false,"치과에 대한 공포심과 두려움이 많은데 ㅠㅠ다른 치과와 다르게 편안한 분위기에서 치료 받을 수 있는 것 같아요ㅎㅎ 상담받으러 갔을때부터 하나하나 꼼꼼하게 설명 잘 해주시고 치료받고 있는 지금도 주의사항, 불편사항 하나하나 꼼꼼하게 잘 체크해주셔서 믿고 편하게 갈 수 있습니다~~
겁이 많아서 좀만 아파도 긴장하는데 아프지않게 의사선생님이 너무 잘 봐주시고 항상 웃으면서 친절하게 설명해주시는 간호사언니분들 너무너무 감사합니다???? 이제 시작이지만 긴 교정시간동안 잘 부탁드립니당??",,,,
183941,3412273,좋아여 스케일링 잘받구왓어엽,4,1,이*한님 리뷰 너무 감사드립니다!! 앞으로도 불편한곳 있으시거나 필요한것 있으면 언제든지 방문해주세요 정성껏 봐드릴게요^^ 좋은하루되세요! ,2018.11.07 14:09:19,,2018.11.05,junl****,진료예약,홍선생치과교정과치과의원,,false,좋아여 스케일링 잘받구왓어엽,,,,
183941,3405926,"교정한지 1년이 다되가는데 올때마다 사진으로 어떻게 변화해가고 있는지 직접 눈으로 확인 할 수 있어서 좋은거 같아요ㅎ 그때상황에 따라 설명도 잘해주시고 친절하게 꼼꼼하게 체크해주시게 느껴지니까 상담이나 치료받을때 편하게 볼 수 있는거 같아서 좋아요!! 
항상 신경 써 주셔서 감사합니다ㅎㅎ",5,1,"오늘 너무 수고하신 김*진님 리뷰도 써주시고 감사합니다! 
앞으로 남은 치료도 커뮤니케이션 많이 하고 원하는 방향으로 끝까지 끝낼수 있도록 노력하는 홍선생 교정치과가 되겠습니다^^",2018.11.05 21:03:59,,2018.11.05,rlat****,진료예약,홍선생치과교정과치과의원,,false,"교정한지 1년이 다되가는데 올때마다 사진으로 어떻게 변화해가고 있는지 직접 눈으로 확인 할 수 있어서 좋은거 같아요ㅎ 그때상황에 따라 설명도 잘해주시고 친절하게 꼼꼼하게 체크해주시게 느껴지니까 상담이나 치료받을때 편하게 볼 수 있는거 같아서 좋아요!! 
항상 신경 써 주셔서 감사합니다ㅎㅎ",,,,
183941,3386151,"교정을 알아보고있을때 상담만 받을려고했는데 전문성이 바탕이 된 눈높이에 맞는 설명으로 선택을 안할수가 없었어요 상담받고 다음에 보여준 자료에서 정말 세심하게 확인하고 준비하는구나 느껴지구요 치과에선 항상 밝게 웃으며 맞이해주시고 꼼꼼하게 진단 및 치료까지 세심하게보시면서 엄살이 심한 제가 살짝만 아파해도 추스러주시면서 꼼꼼히 확인하시고 세심한 몸짓에도 아픈곳을 확인하고 먼저 물어보시고 더 편하게 해주시면서 원장님의 세심한 배려와 전문성있는기술로 항상 만족해요 4달차지만 한번을 실망한적 없구 그이상을 보여주셔서 상당히 만족스럽죠 아직 기간이 많이남았지만 앞으로가 걱정이안되고 항상 고생하시는 치위생사선생님 ,실장님,원장님 감사드려요 쓰다보니길어졌는데 쓸말은 많은데 글 쓰는재주가부족해 다 담아내지도못해아쉬워요!",5,1,"박*님 리뷰 너무 감사드려요.. 저희가 정말 힘이나네요! 교정치료는 특히나 환자분의 협조도도 중요한데 오실때마다 협조도 잘해주셔서 저희도 감사합니다.
앞으로 더 편하게 꼼꼼히 봐드리는 홍선생 교정치과가 되겠습니다^^",2018.11.05 17:54:09,https://naverbooking-phinf.pstatic.net/20181103_156/15412298216318vtH4_JPEG/image.jpg,2018.11.03,qkrc****,진료예약,홍선생치과교정과치과의원,,false,"교정을 알아보고있을때 상담만 받을려고했는데 전문성이 바탕이 된 눈높이에 맞는 설명으로 선택을 안할수가 없었어요 상담받고 다음에 보여준 자료에서 정말 세심하게 확인하고 준비하는구나 느껴지구요 치과에선 항상 밝게 웃으며 맞이해주시고 꼼꼼하게 진단 및 치료까지 세심하게보시면서 엄살이 심한 제가 살짝만 아파해도 추스러주시면서 꼼꼼히 확인하시고 세심한 몸짓에도 아픈곳을 확인하고 먼저 물어보시고 더 편하게 해주시면서 원장님의 세심한 배려와 전문성있는기술로 항상 만족해요 4달차지만 한번을 실망한적 없구 그이상을 보여주셔서 상당히 만족스럽죠 아직 기간이 많이남았지만 앞으로가 걱정이안되고 항상 고생하시는 치위생사선생님 ,실장님,원장님 감사드려요 쓰다보니길어졌는데 쓸말은 많은데 글 쓰는재주가부족해 다 담아내지도못해아쉬워요!",,,,
183941,3379338,그동안 치아관리를 정말 하나도 제대로 하질못해서 엉망인 상태로 치아교정을 시작하게됬는데 상담때부터 교정뿐만아니라 전체적인 잇몸상태 치아상태까지 꼼꼼하게 체크해주시고 그거에 맞게 원장님께서 직접 진료를 봐주셔서 항상 갈때마다 믿음이 가는거같아요!  처음 발치할때 너무너무 무서웠는데 실장님이 와서 손까지 잡아주시고 정말친절하고 좋아요 그리고 하나도 아프지않아서 오히려 어이가 없었어요 ㅎㅎ 마취주사도 아프지않게 잘놔주시고! 앞으로 긴 교정기간동안 더 잘부탁드려요 원장선생님! 실장님 그리고 치위생사선생님들 그리고 갈때마다 잘봐주시고 신경써주셔서 너무 감사해요??????,5,1,장*혜님 리뷰 너무 감사드립니다. 누구든 치과에 대한 공포는 심하기 마련이에요^^ 그 불안함을 덜어드리고 최대한 편안한 마음으로 받으실 수 있게 도와드리는 역할은 저희 몫이니까 앞으로도 편하게 치과치료 받을 수 있도록 더 노력하는 홍선생 교정치과가 되겠습니다. ,2018.11.02 18:59:44,,2018.11.02,akvp****,진료예약,홍선생치과교정과치과의원,,false,그동안 치아관리를 정말 하나도 제대로 하질못해서 엉망인 상태로 치아교정을 시작하게됬는데 상담때부터 교정뿐만아니라 전체적인 잇몸상태 치아상태까지 꼼꼼하게 체크해주시고 그거에 맞게 원장님께서 직접 진료를 봐주셔서 항상 갈때마다 믿음이 가는거같아요!  처음 발치할때 너무너무 무서웠는데 실장님이 와서 손까지 잡아주시고 정말친절하고 좋아요 그리고 하나도 아프지않아서 오히려 어이가 없었어요 ㅎㅎ 마취주사도 아프지않게 잘놔주시고! 앞으로 긴 교정기간동안 더 잘부탁드려요 원장선생님! 실장님 그리고 치위생사선생님들 그리고 갈때마다 잘봐주시고 신경써주셔서 너무 감사해요??????,,,,
183941,3370221,"처음에 상담 갔을때 비용이나 교정계획등을 꼼꼼하고 친절하게 1:1로 상담해 주셨어요

교정중에도 사진으로 변화 과정등을 체크해 주셔서 계속 변화 하고 있는 모습을 눈으로 확인해서 좋았어요><
교정할때 주의사항이나 양치 방법들도 짱 잘알려주시고 
교정하고 있어서 양치해도 찜찜한데 매번 진료 받을때 마다 간호사 언니들이 스케일링도 깔끔하게 해주시고 의사쌤이 진료도 꼼꼼하고 친절하게 해주세요><?? 

시설도 깔끔하고 의사선생님이랑 간호사 언니들 진짜 항상 친절하고 안내도 잘 해주세요ㅠㅠ?? 
부정교합이 엄청 심했어서 교정 진짜 오래 하겠구나 생각했는데 의사쌤이 계획도 잘 짜주시고 해서 금방 끝날것 같아요 항상 진료 받을때 꼼꼼하게 체크해주시고 친절하게 안내해주셔서 항상 감사합니다????",5,1,김*희님 리뷰 감사합니다. 오실때마다 웃는얼굴로 치료 잘 받으셔서 저희도 너무 기분좋아요~~! 항상 노력하는 홍선생교정치과가 되겠습니다!,2018.10.31 19:46:54,,2018.10.31,shnn****,진료예약,홍선생치과교정과치과의원,,false,"처음에 상담 갔을때 비용이나 교정계획등을 꼼꼼하고 친절하게 1:1로 상담해 주셨어요

교정중에도 사진으로 변화 과정등을 체크해 주셔서 계속 변화 하고 있는 모습을 눈으로 확인해서 좋았어요><
교정할때 주의사항이나 양치 방법들도 짱 잘알려주시고 
교정하고 있어서 양치해도 찜찜한데 매번 진료 받을때 마다 간호사 언니들이 스케일링도 깔끔하게 해주시고 의사쌤이 진료도 꼼꼼하고 친절하게 해주세요><?? 

시설도 깔끔하고 의사선생님이랑 간호사 언니들 진짜 항상 친절하고 안내도 잘 해주세요ㅠㅠ?? 
부정교합이 엄청 심했어서 교정 진짜 오래 하겠구나 생각했는데 의사쌤이 계획도 잘 짜주시고 해서 금방 끝날것 같아요 항상 진료 받을때 꼼꼼하게 체크해주시고 친절하게 안내해주셔서 항상 감사합니다????",,,,
183941,3364675,항상 예약하고 갈때마다 친절하고 꼼꼼하게 해주시는 덕분에 매번 만족하고 가요~!?? 불편한점이 있을때마다 전화할때도 너무 잘 대답해주셔서 감사합니다????,5,1,박*희님 소중한 리뷰 감사합니다. 친절함과 꼼꼼함은 항상 1등이 될수있게 노력하는 홍선생교정치과가 되겠습니다^^ ,2018.10.31 19:46:08,,2018.10.30,clsr****,진료예약,홍선생치과교정과치과의원,,false,항상 예약하고 갈때마다 친절하고 꼼꼼하게 해주시는 덕분에 매번 만족하고 가요~!?? 불편한점이 있을때마다 전화할때도 너무 잘 대답해주셔서 감사합니다????,,,,
183941,3361725,"벌써 홍선생교정치과와 함께한지 1년>_<ㅎ
처음 병원을 알아보다가 상담받으러 갔는데....
원장님이 너무나도 꼼꼼히 봐주시고 설명도 잘 해주셔서 바로 여기다!!하고 결정??ㅎ지금도 첫 상담이 기억에 남는게...교정을 시작하려는 이유와 어떤부분이 개선되길 원하는지에 대한 질문을 하시고서 차분히 들어주시고 또 다른부분도 차근차근 설명해주시던게 진짜 너무 감사했던...ㅜ정말 진정성이 느껴졌던!원장님은 사랑입니다ㅠ겁많고 의심많고 질문많은 환자인데...언제나 선비같이...차분히 들어주시고 그림까지 그려가며 궁금했던 부분 잘 이해시켜주시고 마음의 안정까지ㅎ실력도 좋으시지만 마음까지 예쁘신 원장님??그리고 원장님 뿐만아니라 병원 진료팀, 실장님까지 모두 완벽 그자체ㅠ늘 친절하고 가족같이 따뜻하게 챙겨주셔서 감사합니다ㅎㅎ",5,1,김*정님 장문의 소중한 리뷰 너무 감사드립니다 ...! 저희도 환자분 오실때마다 더 잘해드리고 싶고 기분이 너무 좋아요^^* 너무 귀여우신 울 환자분 교정 끝날때까지 행복하게 치료 받을 수 있게 노력하는 홍선생교정치과가 되겠습니다 ^^ ,2018.10.30 16:31:27,https://naverbooking-phinf.pstatic.net/20181030_141/1540865566369kC5H0_JPEG/image.jpg,2018.10.30,tkdw****,진료예약,홍선생치과교정과치과의원,,false,"벌써 홍선생교정치과와 함께한지 1년>_<ㅎ
처음 병원을 알아보다가 상담받으러 갔는데....
원장님이 너무나도 꼼꼼히 봐주시고 설명도 잘 해주셔서 바로 여기다!!하고 결정??ㅎ지금도 첫 상담이 기억에 남는게...교정을 시작하려는 이유와 어떤부분이 개선되길 원하는지에 대한 질문을 하시고서 차분히 들어주시고 또 다른부분도 차근차근 설명해주시던게 진짜 너무 감사했던...ㅜ정말 진정성이 느껴졌던!원장님은 사랑입니다ㅠ겁많고 의심많고 질문많은 환자인데...언제나 선비같이...차분히 들어주시고 그림까지 그려가며 궁금했던 부분 잘 이해시켜주시고 마음의 안정까지ㅎ실력도 좋으시지만 마음까지 예쁘신 원장님??그리고 원장님 뿐만아니라 병원 진료팀, 실장님까지 모두 완벽 그자체ㅠ늘 친절하고 가족같이 따뜻하게 챙겨주셔서 감사합니다ㅎㅎ",,,,
183941,3358175,"3월부터치료받고있는데 시설도 엄청 깨끗하고 좋고 일단 간호사누나들이 엄청 친절하시고착해요 교정전문이라서그런지 다른치과랑은 다른느낌이에요 항상 아프지않게 잘해주셔서 감사합니다 
이빨 더 열심히 닦을게요 ㅎㅎㅎㅎ",5,1,서*원님 간호사 누나들이 더욱 친절하게 봐드릴게요^^ 다음예약때 봐요 감사합니다.,2018.10.30 10:14:44,,2018.10.29,wodn****,진료예약,홍선생치과교정과치과의원,,false,"3월부터치료받고있는데 시설도 엄청 깨끗하고 좋고 일단 간호사누나들이 엄청 친절하시고착해요 교정전문이라서그런지 다른치과랑은 다른느낌이에요 항상 아프지않게 잘해주셔서 감사합니다 
이빨 더 열심히 닦을게요 ㅎㅎㅎㅎ",,,,
183941,3357764,처음 상담때 1시간전에 예약잡고 갔는데도 친절하게 상담 해 주셨고 교정 진행과정 비용 자세하게 알려주셨습니다! 치과 여러곳 안가고 이 치과가 두번째 상담한곳이였는데 상담 받고 바로 여기서 했습니다 선생님 모두 너무 친절하셔서 좋아요!앞으로도 잘 부탁 드립니다!:),5,1,"너무 이쁘신 장*혜님 상담 오셨을때도 너무 밝고 이쁘셔서 상담을 더 잘해드리고 싶었던 거 같아요..^^ 앞으로도 노력하는 홍선생 교정치과가 되겠습니다! 
",2018.10.30 10:15:57,,2018.10.29,anfr****,진료예약,홍선생치과교정과치과의원,,false,처음 상담때 1시간전에 예약잡고 갔는데도 친절하게 상담 해 주셨고 교정 진행과정 비용 자세하게 알려주셨습니다! 치과 여러곳 안가고 이 치과가 두번째 상담한곳이였는데 상담 받고 바로 여기서 했습니다 선생님 모두 너무 친절하셔서 좋아요!앞으로도 잘 부탁 드립니다!:),,,,
183941,3357259,"아무런 소개없이 그냥 간 곳이라 첨엔 살짝 불안하기도 했었는데^^ 올때마다 잘 설명해주시고, 친절하게 대해주셔서 믿고 계속 교정치료 하고 있습니다. 앞으로도 잘 부탁드리겠습니다~^^",5,1,임*진 어머님 너무 이쁜 따님 치료 끝날때까지 노력하는 홍선생 교정치과 되겠습니다!!! 감사합니다^^*,2018.10.29 18:15:54,,2018.10.30,rmar****,진료예약,홍선생치과교정과치과의원,,false,"아무런 소개없이 그냥 간 곳이라 첨엔 살짝 불안하기도 했었는데^^ 올때마다 잘 설명해주시고, 친절하게 대해주셔서 믿고 계속 교정치료 하고 있습니다. 앞으로도 잘 부탁드리겠습니다~^^",,,,
183941,3356965,저희집 큰애가 부정교합이 심한 편이라 교정에 걱정이 많았어요. 학교에서 검진 받으라 할 때마다 어찌해야할지 고민만 하다가 더는 안되겠다싶어 인터넷 검색을 통해 찾아왔는데 친절한 설명과 원활한 치료과정을 통해 조금씩 효과를 보고 있어 찾아오길 너무 잘했다는 생각이 들어요!! 작은 애도 고른 치열을 위해 같이 치료를 받고 있습니다. 앞으로 남은 과정도 너무 기대가 됩니다!!  끝까지 저희집 애들 잘 부탁드려요~,5,1,"소중한 리뷰 감사드려요..! 저희도 어머님이랑 아이들 오실때마다 너무너무 기분이 좋아집니다^^ 앞으로도 만족스러우실 수 있도록 노력하는 홍선생 교정치과가 되겠습니다,  다음예약때 뵐게요*^^*",2018.10.29 18:14:33,https://naverbooking-phinf.pstatic.net/20181029_66/15407987475485LqJf_JPEG/image.jpg,2018.10.29,yanz****,진료예약,홍선생치과교정과치과의원,,false,저희집 큰애가 부정교합이 심한 편이라 교정에 걱정이 많았어요. 학교에서 검진 받으라 할 때마다 어찌해야할지 고민만 하다가 더는 안되겠다싶어 인터넷 검색을 통해 찾아왔는데 친절한 설명과 원활한 치료과정을 통해 조금씩 효과를 보고 있어 찾아오길 너무 잘했다는 생각이 들어요!! 작은 애도 고른 치열을 위해 같이 치료를 받고 있습니다. 앞으로 남은 과정도 너무 기대가 됩니다!!  끝까지 저희집 애들 잘 부탁드려요~,https://naverbooking-phinf.pstatic.net/20181029_9/1540798746711x4sGj_JPEG/image.jpg,,,
183941,3450540,원장님이 교정전문의여서 믿음직스러워요. 비발치로 교정하고 싶었는데 상담과정에서 어떻게 교정을 원하는지 꼼꼼하게 봐주시고 상담해주셔서 좋았습니다. 이번달에 중간평가를 하는데 교정전 모습이랑 비교하면 상당히 많이 좋아져서 기분이 좋아요. 마지막평가때까지 교정이 잘 마무리되었으면 좋겠습니다. 월치료 갈때마다 불편한 점 없었는지 항상 확인해주시고 불편한 점 있으면 개선해주시려고 신경써주셔서 만족감이 높습니다. 직원분들 전부 친절하시고 담당 치위생사님이 정해져 있어서 친근하게 진료받을 수 있습니다. 궁금한 점 있어서 물어보면 이해가 잘되게 설명 잘해주시고요. 역 바로 앞이라서 접근성도 좋아서 마음에 들어요. 시설도 깔끔합니다.,5,1,"한*기님 리뷰 써주셔서 감사합니다.  처음보다 많이 좋아지셔서 저희도 너무 기쁘고 협조도 잘해주셔서 치료도 더욱 원활하게 된거같아요^^ 앞으로도 지금처럼만 협조 잘 해주시고 마무리까지 화이팅이에요. 
감사합니다.",2018.11.14 14:16:56,,2018.10.29,tmfr****,진료예약,홍선생치과교정과치과의원,,false,원장님이 교정전문의여서 믿음직스러워요. 비발치로 교정하고 싶었는데 상담과정에서 어떻게 교정을 원하는지 꼼꼼하게 봐주시고 상담해주셔서 좋았습니다. 이번달에 중간평가를 하는데 교정전 모습이랑 비교하면 상당히 많이 좋아져서 기분이 좋아요. 마지막평가때까지 교정이 잘 마무리되었으면 좋겠습니다. 월치료 갈때마다 불편한 점 없었는지 항상 확인해주시고 불편한 점 있으면 개선해주시려고 신경써주셔서 만족감이 높습니다. 직원분들 전부 친절하시고 담당 치위생사님이 정해져 있어서 친근하게 진료받을 수 있습니다. 궁금한 점 있어서 물어보면 이해가 잘되게 설명 잘해주시고요. 역 바로 앞이라서 접근성도 좋아서 마음에 들어요. 시설도 깔끔합니다.,,,,
183941,3339879,치아 중심선이 맞지 않아 8개월정도 교정중이에요 ㅎㅎ 이곳 저곳 치과 비교해보면서 홍선생교정치과를 선택하게 되었는데 너무너무 친절하시고 신경도 잘써주시고 관리도 잘해주셔서 빠른 교정변화 느끼고 있습니다!!??????????감사합니다,5,1,"늘 웃는얼굴로 오시는 황*혜님 ^^ 리뷰 감사합니다.
마지막까지 항상 노력하는 홍선생 교정치과가 되겠습니다 ^.^",2018.10.29 14:26:34,https://naverbooking-phinf.pstatic.net/20181027_11/1540620229062snFP6_JPEG/image.jpg,2018.10.27,pich****,진료예약,홍선생치과교정과치과의원,,false,치아 중심선이 맞지 않아 8개월정도 교정중이에요 ㅎㅎ 이곳 저곳 치과 비교해보면서 홍선생교정치과를 선택하게 되었는데 너무너무 친절하시고 신경도 잘써주시고 관리도 잘해주셔서 빠른 교정변화 느끼고 있습니다!!??????????감사합니다,https://naverbooking-phinf.pstatic.net/20181027_214/1540620228362Y7C3m_JPEG/image.jpg,,,
183941,3338347,"친절하시고 병원도 깨끗하고 점점 달라지는 얼굴을
보니 믿고 신뢰가 생겨요!! 교정은 역시 교정전문치과
인것같아요♡",5,1,너무 착하신 백*경님 리뷰 감사해요! 더욱 신뢰갈 수 있는 치과가 되도록 항상 노력하겠습니다^^* ,2018.10.29 14:27:45,,2018.10.27,dhrr****,진료예약,홍선생치과교정과치과의원,,false,"친절하시고 병원도 깨끗하고 점점 달라지는 얼굴을
보니 믿고 신뢰가 생겨요!! 교정은 역시 교정전문치과
인것같아요♡",,,,
183941,3333722,치과너무깨끗하고 원장님도 꼼꼼하게봐주는거같아서 좋앗어욯ㅎ다들 너무 친절하게 대해주셔서 좋았던같아요!,4,1,아이구  감사합니다 ^^ 꼼꼼함은 누구보다 최고인 저희 원장님을 비롯해 모든 직원분들의 친절함으로 항상 노력하겠습니다^^ ,2018.10.29 14:28:45,https://naverbooking-phinf.pstatic.net/20181026_152/1540531577618bvw1K_JPEG/image.jpg,2018.10.26,yupp****,진료예약,홍선생치과교정과치과의원,,false,치과너무깨끗하고 원장님도 꼼꼼하게봐주는거같아서 좋앗어욯ㅎ다들 너무 친절하게 대해주셔서 좋았던같아요!,,,,
183941,3333713,"역 바로 앞이라 위치도 괜찮고 궁금한게 많아서 많이 물어봤는데  귀찮아 하지 않고 너무 친절하게 잘 해주셔서 좋았어요 ~
믿고 다닐수있을꺼같아요^^",5,1,"리뷰 감사합니다^^ 질문은 많이 해주실수록 저희도 좋아요! 
앞으로도 많은 질문 부탁드려요^^ 그럼 좋은하루 되세요 :)",2018.10.29 14:29:39,,2018.10.26,gpwl****,진료예약,홍선생치과교정과치과의원,,false,"역 바로 앞이라 위치도 괜찮고 궁금한게 많아서 많이 물어봤는데  귀찮아 하지 않고 너무 친절하게 잘 해주셔서 좋았어요 ~
믿고 다닐수있을꺼같아요^^",,,,
183941,3333707,지인소개받아서 갔는데 역시...혼자 여러곳 알아보는것도 좋지만 소개해준곳이 가장 확실한것같아요.. 모든분들 다 친절하고 두번째 방문때 이름외워주셔서 감동받았습니다 ^^ 앞으로 몇년 볼껀데 잘부탁드려요 !!ㅎㅎ,5,1,"안녕하세요 리뷰 감사드립니다^^ 
지인소개로 오시면 저희도 너무너무 기분이 좋습니다..!!
한분한분 모든 환자분들을 꼼꼼히 기억하고 봐드리는 홍선생 교정치과가 되겠습니다 ^^ ",2018.10.29 14:31:02,https://naverbooking-phinf.pstatic.net/20181026_263/1540532058305Xuh6f_JPEG/image.jpg,2018.10.26,1991****,진료예약,홍선생치과교정과치과의원,,false,지인소개받아서 갔는데 역시...혼자 여러곳 알아보는것도 좋지만 소개해준곳이 가장 확실한것같아요.. 모든분들 다 친절하고 두번째 방문때 이름외워주셔서 감동받았습니다 ^^ 앞으로 몇년 볼껀데 잘부탁드려요 !!ㅎㅎ,,,,
